Document ID,comment_text,sample_type,gold_topics,gold_stance,emerging_notes
MARAD-2019-0093-0339,I am in support of this project because of the company's operating experience of such a facility and they have a proven track record with safety and the environmental impact of this type of project. The project will create numerous jobs and opportunities for the entire Gulf Coast region.,rare_oversample,national_interest,support,
MARAD-2019-0093-2073,"Projects, like Texas GulfLink, present a safe alternative to moving crude oil and should be given every consideration. The proposed project provides a better choice for our environment and would make a positive impact to the Gulf Coast, especially Texas and Louisiana. I thoroughly support this initiative.",rare_oversample,oil_spill_risk,support,
MARAD-2019-0093-8765,"The Texas GulfLink project brings big risks that outweigh any benefits. It's planned for a flood-prone area and relies on old fossil fuel infrastructure, which could make climate change worse, increase pollution, and put Gulf Coast communities at risk. Instead of helping us move toward cleaner energy, this project would just keep us hooked on fossil fuels. It also unfairly targets low-income and minority communities that are already dealing with pollution and climate disasters. Approving GulfLink would mean locking in harmful emissions for decades, increasing the chance of oil spills, and damaging important wildlife habitats—all at a time when the demand for oil is expected to drop. This project isn't good for the country and should be rejected in favor of cleaner, safer energy options that take care of people and the planet.",rare_oversample,oil_spill_risk|climate_emissions|environmental_justice|marine_wildlife|national_interest,oppose,flood_risk
MARAD-2019-0093-10426,"The proposed Texas GulfLink oil export terminal should not be approved. Missing from the final environmental impact statement released by MARAD is information and analyses necessary to complete the required NEPA review and the Deepwater Water Port Act’s (“DWPA”) national interest and financial assurance determinations. MARAD cannot validly approve a license for the GulfLink project. Approving the GulfLink project now would lock in decades of fossil fuel dependence and infrastructure, and pollute Gulf communities already experiencing devastating climate disasters, without benefit to local residents. GulfLink is one of four proposed oil export terminal projects in different permitting stages. There are also close to 20 methane gas LNG export terminals in various stages of development, and many new petrochemical plants proposed in the coastal area. These projects are sited in low-income communities, communities of color, and on Indigenous lands due to decades of economic disenfranchisement and systemic racism. These same communities are also the hardest hit by the climate crisis, which is caused by the emissions from fossil fuel production and use. Communities where the proposed oil and gas export expansion is concentrated suffer from increased rates of asthma, respiratory illness, and cancer. This is the direct result of decades of federal authorizations to construct and operate fossil fuel and other industrial facilities in and along the Gulf of Mexico. Adding thirty more years of polluting oil and gas infrastructure flouts the Administration’s commitments to reverse this toxic legacy. If GulfLink is licensed and then operates at full capacity for its expected 30-year lifespan, it will b0e the source of 3.8 billion metric tons of greenhouse gas emissions. This will push the world closer to climate tipping points. It is clear that we need to phase out fossil fuels to avoid even more tragic climate disasters like fires, hurricanes, and heat waves. The International Ene",rare_oversample,climate_emissions|air_quality|environmental_justice,oppose,"public_health, environmental_review, NEPA_process, flood_risk"
MARAD-2019-0093-2848,"As a teacher of high school students, I have an organization called SPAA (Students Protecting America's Animals) and The Environmental Group and we work diligently to address the harm being done to the earth and animals in the world. You are in control of decisions that can either continue down the road to certain disaster or think of future generations and what is best in the long run for all of them. Here are some concerns: 1. The crude oil storage tanks that will be smack dab in the middle of Jones Creek in an area prone to flooding, will be huge - capable of storing 750,000 barrels each tank so with 12 tanks that is 9 million barrels. This area is subsiding and Jones Creek was a school was not allowed to be built due to the flooding. 2. The emissions from these storage tanks are toxic. People will lose their property value. This will alter the area just as it has been altered by the power plants in the area. People that can will leave and it will go from a gorgeous, beautiful environment to a dead zone 3. The pipelines go through wetlands, Justin Hearst WMA, and fragile ecosystems into the Gulf of Mexico, 30 miles offshore. There are many pipelines already in the Gulf. 4. When a hurricane arrives, which it will the intensity of waves and mud will bend the pipelines lines. The clean up will be the responsibility of the U.S. Coast Guard. This comes back to the individual who pays taxes. Why would anyone approve such a problematic pipeline? It is a money call and at some point we have to put our children and grandchildren ahead of this focus! https://www.nytimes.com/2021/09/06/climate/oil-spill-ida-gulf-of-mexico.html",rare_oversample,oil_spill_risk|air_quality|marine_wildlife|wetlands_coast,oppose,"property_value, flood_risk"
MARAD-2019-0093-0329,I am commenting in support of the Texas GulfLink project. Pipeline transportation of crude oil is proven to be the safest method of moving this critical commodity. Texas GulfLink has a proven leadership team of industry professionals that have experience in constructing and operating a deepwater oil port. This project will bring jobs and economic value to the Houston area and the Gulf Coast. It ensures that the U.S. remains energy independent. I am fully in support of this project.,rare_oversample,oil_spill_risk|national_interest,support,
MARAD-2019-0093-8164,"Please do not approve a license for the Texas Gulf Link Project. I object to this because: 1. It will lock in more fossil fuel funding for years to come. Why not approved wind and solar projects instead. We cannot afford yet more climate warming from fossil fuels. 2. This project will further harm the communities in which it is sited. These communities already experience higher cancer rates, degraded landscapes, lower economic returns, and loss of natural habitat, among other consequences. It is not fair to continue polluting these communities. 3. The environmental impact statement supplied by MARAD does not provide critical information to allow complete analysis of its impact on the environment. Do not approve a license for the Texas GulfLink project. Thank you, Nancy Rodenborg Saint Paul, MN 55105",rare_oversample,climate_emissions,oppose,"public_health, environmental_review"
MARAD-2019-0093-9856,"To whom it may concern, This is wrong. What will we do when we can’t eat money? I know you think you’re a drop in the bucket but we are on the verge of environmental collapse. Every step to stop fossil fuels matters to the future generations. Think of the children. I am writing to urge MARAD to halt the approval of the Texas GulfLink project. The project is projected to emit 3.8 billion metric tons of [greenhouse gases](https://www.theguardian.com/business/2023/feb/21/joe-biden-oil-terminals-texas-carbon-bombs-fossil-fuels) over its 30-year life span. This is incompatible with national and international emissions targets and a severe threat to the climate. The International Energy Agency has warned that no new fossil fuel infrastructure can be built to avoid dangerous global heating. The final environmental impact statement (FEIS) released by MARAD fails to provide critical information and analyses necessary to complete the required NEPA review and the Deepwater Water Port Act’s (“DWPA”) national interest and financial assurance determinations. MARAD cannot validly approve a license for the GulfLink project. Approving the GulfLink project now would lock in decades of fossil fuel dependence and infrastructure, and pollute Gulf communities already experiencing devastating climate disasters, without benefit to local residents. Acres of sensitive wetlands, marshes, and prairies that provide safe shelter for millions of migratory birds and endangered sea turtles will be disrupted or destroyed if GulfLink is approved. The project also increases the risk of oil spills, in an area where threatened or endangered species and communities are still recovering from the impacts of the devastating 2010 Deepwater Horizon oil spill. GulfLink would disrupt sea turtle critical habitat with increased ship traffic and construction of the pipeline and terminal, and an oil spill would destroy the nesting grounds of the critically endangered Kemp’s ridley sea turtle. The FEIS wrongfully as",rare_oversample,oil_spill_risk|climate_emissions|marine_wildlife|wetlands_coast,oppose,"environmental_review, NEPA_process"
MARAD-2019-0093-7672,Our current climate disasters help. Remind us that we need to find renewable energy and stop relying on fossil fuels. Please do not approve the Texas GulfLink project. I believe protecting our environment is justice for the peoples of our world.,rare_oversample,climate_emissions,oppose,
MARAD-2019-0093-8771,"Please do not approve the GulfLink project. Projects like these are extremely harmful to the environment and have severe negative impacts on local communities. Texas and the USA should focus on innovating sustainable energy infrastructure instead of relying on short-sited, environmentally harmful fossil fuel projects. Please prioritize people and the planet over corporate profits by saying no to the GulfLink project. Thank you, Sara Baggett",rare_oversample,climate_emissions,oppose,
MARAD-2019-0093-10139,"To whom it may concern, I am writing to urge MARAD to halt the approval of the Texas GulfLink project. The project is projected to emit 3.8 billion metric tons of [greenhouse gases](https://www.theguardian.com/business/2023/feb/21/joe-biden-oil-terminals-texas-carbon-bombs-fossil-fuels) over its 30-year life span. This is incompatible with national and international emissions targets and a severe threat to the climate. The [International Energy Agency](https://www.iea.org/reports/net-zero-by-2050) has warned that no new fossil fuel infrastructure can be built to avoid dangerous global heating. The final environmental impact statement (FEIS) released by MARAD fails to provide critical information and analyses necessary to complete the required NEPA review and the Deepwater Water Port Act’s (“DWPA”) national interest and financial assurance determinations. MARAD cannot validly approve a license for the GulfLink project. Approving the GulfLink project now would lock in decades of fossil fuel dependence and infrastructure, and pollute Gulf communities already experiencing devastating climate disasters, without benefit to local residents. Acres of sensitive wetlands, marshes, and prairies that provide safe shelter for millions of migratory birds and endangered sea turtles will be disrupted or destroyed if GulfLink is approved. The project also increases the risk of oil spills, in an area where threatened or endangered species and communities are still recovering from the impacts of the devastating 2010 Deepwater Horizon oil spill. GulfLink would disrupt sea turtle critical habitat with increased ship traffic and construction of the pipeline and terminal, and an oil spill would destroy the nesting grounds of the critically endangered Kemp’s ridley sea turtle. The FEIS wrongfully assumes that this project would not increase the volume of U.S. oil exports or increase environmental harm. As the EPA recently explained, an agency errs if it assumes “oil and gas production woul",rare_oversample,oil_spill_risk|climate_emissions|marine_wildlife|wetlands_coast,oppose,"environmental_review, NEPA_process"
MARAD-2019-0093-9378,"This was the hottest summer in the history of the planet. People around the world, including Texas, died. People closer to the equator were forced to leave their homes and stream north seeking food and shelter. We cannot continue to prop up the industry that is making all of this worse. MARAD lacks authority to approve a license for this project because the final environmental impact statement fails to provide critical information and analyses necessary to comply with the National Environmental Policy Act (NEPA) and the Deepwater Water Port Act (DWPA). GulfLink is among 20 new fossil fuel projects proposed for the Gulf South – the largest fossil fuel buildout in the world. If completed, it would export up to 1 million barrels of crude oil every day of its 30-year life span. We must grow up as a society and start acting as though we want to survive past the next few years. With sincere fury, Ms. Rhiannon Gallagher Wheat Ridge, CO",rare_oversample,climate_emissions,oppose,"environmental_review, NEPA_process"
MARAD-2019-0093-1854,I support the Texas GulfLink project. This project will bring many jobs as well as other opportunities for those living in and surrounding the Gulf Coast area.,rare_oversample,national_interest,support,
MARAD-2019-0093-8027,"I am an environmental scientist and I strongly recommend that you do NOT approve the Texas GulfLink oil export terminal. First and foremost is the environmental impact to the planet as a whole. Exporting fossil fuels is promoting the use of fossil fuels (for decades) which is exactly what is heating up our atmosphere, oceans and land. This in turn is causing massive changes to the earth including sea water rise, wildfires, raging storms, heatwaves, drought, and the death and displacement of humans, animals and other forms of life. The environmental impact is to the entire globe and it is deadly. Secondly, there is a potentially great impact to the communities near the facility which will experience increased air pollution due to land and water traffic, construction and maintenance and inevitable leaks, burning, and accidents. Please do not license this project. Alice Freund, MSPH",rare_oversample,oil_spill_risk|climate_emissions|air_quality,oppose,public_health
MARAD-2019-0093-0317,"I am in favor of approval for the Texas GulfLink project as it will allow for a safe and efficient mechanism for the transportation of crude oil. In a time when safety and reductions in cumulative emissions are of great importance, I feel that it makes perfect sense that this project receive approval. Thanks!",rare_oversample,climate_emissions,support,
MARAD-2019-0093-3087,"I am writing to strongly encourage you to do the right thing for the citizens of Brazoria County and deny the deepwater port license for the proposed Gulflink (MARAD-2019-0093) project in order to protect the health and well-being of local citizens. I personally oppose the project. I believe that lots of people in the Brazosport area feel the same as I do; but I think they are not aware of the proposed project as there has been very little information provided to the public regarding possible construction. I was born in Freeport, TX and have lived in this area for most of my 70 years. I have suffered with breathing issues for most of my life and a chronic cough that really never goes away, culminating in a tumor developing in my lung 11 years ago. Half of my lung had to be removed in order to save my life. My pulmonologist (who is a well-known and respected medical doctor in the Houston medical center) has told me many times that my breathing problems are directly related to the poor air quality in the geographic area. I see this new offshore terminal as only making the already undesirable and unhealthy air quality even more detrimental to my health and to the public’s health. Please do not sacrifice the health and well-being of humans for monetary profits for big companies! Also, I have family and many friends who are farmers and ranchers and own considerable farm and pasture land in the area. The talk of more pipelines running through these pastures and farm fields only creates more issues for the land owner. I do not know a single land owner who wants the invasion of construction, traffic, workers, unsightly building sites, etc. that is created when these pipelines are constructed—not to mention the irreversible damage that occurs to the land. With current chemical plants in the area, we already are experiencing major traffic issues and construction of more pipelines, transmission lines, roadways, etc. creating many, many problems for our beautiful, peaceful, qui",rare_oversample,air_quality,oppose,public_health
MARAD-2019-0093-5654,"I like shrimp. I don't like oil or gas anymore. Convert, retrain, and let's stop sh-tting where we eat. SL I am writing to voice my opposition to the Texas GulfLink oil export terminal. The final environmental impact statement released by MARAD fails to provide critical information and analyses necessary to complete the required NEPA review and the Deepwater Water Port Act’s (“DWPA”) national interest and financial assurance determinations. MARAD cannot validly approve a license for the GulfLink project. Approving the GulfLink project now would lock in decades of fossil fuel dependence and infrastructure, and pollute Gulf communities already experiencing devastating climate disasters, without benefit to local residents. GulfLink is one of four proposed oil export terminal projects in different permitting stages. There are also close to 20 methane gas LNG export terminals in various stages of development, and many new petrochemical plants proposed in the coastal area. These projects are sited in low-income communities, communities of color, and on Indigenous lands due to decades of economic disenfranchisement and systemic racism. These same communities are also the hardest hit by the climate crisis, which is caused by the emissions from fossil fuel production and use. Communities where the proposed oil and gas export expansion is concentrated suffer from increased rates of asthma, respiratory illness, and cancer. This is the direct result of decades of federal authorizations to construct and operate fossil fuel and other industrial facilities in and along the Gulf of Mexico. Adding thirty more years of polluting oil and gas infrastructure flouts the Administration’s commitments to reverse this toxic legacy. If GulfLink is licensed and then operates at full capacity for its expected 30-year lifespan, it will cause an incredible 3.8 billion metric tons of greenhouse gas emissions. This will push the world closer to climate catastrophe at a time when it is clear we need",rare_oversample,climate_emissions|air_quality|environmental_justice|fisheries|national_interest,oppose,"public_health, environmental_review, NEPA_process"
MARAD-2019-0093-2996,"Attached, please find the signatures of 19,148 Friends of the Earth supporters. Dear Administrator Phillips, I am writing to urge you to deny the Texas GulfLink Terminal permit. This project threatens communities with toxic air pollution, endangers sensitive marine habitats, and accelerates the climate crisis. MARAD’s own Final Environmental Impact Statement estimates the upstream and downstream greenhouse gas emissions for the percent of the oil that could be exported by GulfLink to be 108,453,665 metric tons of carbon dioxide annually, jeopardizing any of the administration’s efforts to prevent Americans from experiencing the worst impacts of the climate crisis. Approving this project will lock us into using fossil fuels for decades and delay the much-needed worldwide transition to clean, renewable energy. The GulfLink project is not in the national interest. It will increase toxic air pollution in Brazoria County, which currently suffers from air quality that fails to meet EPA health standards and attainment status. Communities in the Texas Gulf Coast and across the United States, where oil is transported through a complex network of dangerous infrastructure, will bear the burden of the project’s detrimental impacts. As proposed, GulfLink directly threatens the nesting ground of endangered Kemp’s Ridley sea turtles, the Texas state sea turtle, and the world’s most endangered sea turtle species. The project also puts at risk crucial marine habitats for fisheries in the region as well as other endangered species, including the Reddish Egret and Piping Plovers, and six different whale species. Gulf Link’s offshore pipelines and deepwater port are sited within three Marine Protected Areas: Reef Fish Stressed Area, Reef Fish Longline and Buoy Gear Restricted Area, and Texas Shrimp Closure. In addition, the Gulf of Mexico’s only marine sanctuary — the Flower Garden Banks National Marine Sanctuary — is located approximately 41 nautical miles southeast of the proposed Gu",rare_oversample,climate_emissions|air_quality|environmental_justice|marine_wildlife|fisheries|national_interest,oppose,"public_health, water_quality, environmental_review, NEPA_process"
MARAD-2019-0093-3088,"Public Comment—MARAD-2019-0093 I moved to Brazoria County in 1967 to work for Dow Chemical Company, progressing into management with assignments in Freeport, Houston, Plaquemine Louisiana, and back in Freeport, TX. So, I have lived in Brazoria County for 50 of the past 55 years. I am against the deepwater oil and gas export terminals proposed to be built offshore of Surfside. The potential adverse impact on air quality is particularly concerning to me as my wife struggles with her breathing year round. Air quality is important to us. I am further concerned about the adverse impact on the commercial and recreational fishing. This area, Surfside, Brazoria County is immeasurably popular for sport fishing. Further, many small family companies make their living commercially fishing in these local waters. One oil spill could interrupt the livelihood of these commercial fishing operations. Generations of our family have fished and still fish these waters, and all the way to Laguna Madre to the South. I urge you to do the right thing for Brazoria County by denying the deepwater port license for the proposed GULFLINK project.",rare_oversample,oil_spill_risk|air_quality|fisheries,oppose,public_health
MARAD-2019-0093-0281,"I would like to express opposition to approval of the Texas GulfLink LLC application for a Deepwater Port License from the Maritime Administration and the Army Corps of Engineers, to raise concerns of the significant inadequacies in the project's environmental review, and to request a public hearing on the USACE permitting process due to the extreme risks the project presents to our communities including flooding, contamination of our water supply, the Brazos Watershed, and Gulf Waters. I am concerned that construction and operation of the export facility would only benefit oil and gas industry interests while polluting local communities and the Gulf of Mexico's coastal and marine ecosystems, and escalating the global climate crisis. The world is changing and going towards renewable energies. Support of oil and gas is contrary to the health and survival of all life on this earth. Brazoria County is home to some of the state's most precious natural resources. Beyond their intrinsic natural beauty, our healthy beaches and wetlands provide effective storm damage and flood protection; offer residents and visitors recreational opportunities; and provide unique environmental habitats. When the GulfLink pipeline ruptures it will contaminate the Justin Hurst Wildlife Management Area, a rich, bio-diverse wetland wildlife sanctuary prized for waterfowl hunting. Our coastal region is an economic engine filled with recreational opportunities and environmental treasures that deserve to be protected. I am deeply concerned about potentially catastrophic impacts of another major oil spill in the Gulf of Mexico. Our Gulf marine life has suffered tremendously from the Deepwater Horizon spill, killing sea turtles and nearly destroying the dolphin population. Oil, gas, and chemical infrastructure dominate the Gulf and leak toxic chemicals and oil, contaminating our waters every year. In 2018, NOAA reported 137 significant"" oil spills in the U.S., most of them occurring in the Gulf of M",rare_oversample,oil_spill_risk|climate_emissions|marine_wildlife|fisheries|wetlands_coast,oppose,"water_quality, flood_risk, environmental_review, NEPA_process, public_health"
MARAD-2019-0093-8507,"The proposal by Sentinel Midstream to build the Texas GulfLink project and pump ship 1 million barrels of crude oil per day is immoral, impractical and must by rejected. There are many reasons to reject the plan, including: 1. Permitting more fossil fuel export projects is a direct violation of our international climate agreements and goals under the Paris Climate Agreement. The International Energy Agency and UN Scientists have been painfully clear — to achieve the goals President Biden and the world have committed to of limiting global warming to 1.5-2 degrees Centigrade, we must stop building ALL NEW fossil fuel infrastructure now! 2. GulfLink will leak, and there will be an oil spill, as all offshore oil terminals ever built have leaked and spilled. This threatens to destroy coastal wetlands, ecosystems, endangered species and aquatic wildlife. Additionally, GulfLink will have above-ground storage tanks, enough to hold 8.5 million barrels of oil, near Jones Creek, a known flood zone and disaster waiting to happen. 3. GulfLink, like all fossil fuel infrastructure takes public lands and property for private corporate gain. This is an affront to communities and property rights that also generates enormous greenhouse gas emissions and air pollution, and will destroy other sources of economic and community benefit, like tourism and fishing . cannot legally approve a license for the GulfLink project. 4. Approving the GulfLink project now would lock in decades of fossil fuel dependence and infrastructure, polluting Gulf communities already experiencing devastating climate disasters, without benefit to local residents. In our climate fight, we cannot afford anymore fossil fuel infrastructure Please do not approve GulfLink.",rare_oversample,oil_spill_risk|climate_emissions|air_quality|marine_wildlife|fisheries|wetlands_coast,oppose,"property_rights, tourism, flood_risk, NEPA_process"
MARAD-2019-0093-4896,"Final Rule/ Final Law Operation Terrorist /Traitor clean sweep Round up Official Update: Sovereign World Wide Global American Kingdom, Main Justice , Emperor, Despot, Sole Lawful Exclusive Executive Lawful Creator for all actual True lawful laws and currency, ,Corresponding to and with Kamila Harris, Global USA,,,,,,,,,10:33 AM 07/29/2024 (1) It’s time to update Identifications Safety First, as Terrorist proceed in their Ti raid to keep doing Identity Theft, Drops, Human trafficking and Cat fishing, mimicking, and Scaling, and coning it is Necessary for the Integrity and making sure those responsible is taken into custody, I’ve give instruction to DMVs, Global Entry, for it is needed to have ID systems ran Universal to keep Impersonators, pretenders ready to be apprehended. (2) Gatorade and Starbucks Ventures new Drinks get your Caffeine on and rehydration on at the same time. (3) Explanatory about Deportations for those claiming to be Homeless, whom are not homeless at all just those refusing to inside in hopes to be able to genocide ,saying they always get to kill, murder, rape genocide, (4) All those in the Alachua County FLA,USA (32601)32608) those whom are not with me Johnny or Sian must be deported ,all this they must be allowed to kill rape and murder all Wives, and Children, are not a seeable further Deport them and those involved with them (5) Continue to Deport all Brittan’s , KKK, Alkida,CIM,WACO, Slavery Corporation Africa, Egypt, Israel, and Saco and Brain are terrorist con Gainesville, city hall and county, pushing their Genocide and slavery Agenda Imamate threat , must be as astatine Sleep Deprivation, constant Ambushes, and meaning Assignation attempts every day on me Johnny and Sian since 1986, and continue to help terrorist (6) Terrorist and Traitors need to be rounded up faster Operation Warp Speed, and Business and store fronts have not been donating I and Sian anything even through it’ mine and Sian, Main R+ Asset account that provides for all k",rare_oversample,NONE,unclear,
MARAD-2019-0093-8538,"Dear Coast Guard Staff, MARAD, President Biden, and Vice President Harris, Sentinel Midstream's proposal to pump 1 million barrels of crude oil per day via the Texas GulfLink project is immoral, impractical and must by rejected. There are a lot of reasons to reject the plan: 1. To limit global warming to 1.5-2 degrees Centigrade as President Biden and the world have committed, we must stop building all NEW fossil fuel infrastructure immediately. 2. We know for sure GulfLink will leak, and there will be an oil spll - every offshore oil terminal ever built has leaked and spilled. This threatens to destroy coastal wetlands, ecosystems, endangered species and aquatic wildlife. 3. Like all fossil fuel infrastructure, GulfLink will take public lands and property for private corporate gain. This is an affront to communities and property rights that also generates enormous greenhouse gas emissions and air pollution, and will destroy other sources of economic and community benefit, like tourism and fishing. 4. MADAD's final environmental impact statement fails to provide critical information and analyses necessary to complete the required NEPA review and the Deepwater Water Port Act’s (“DWPA”) national interest and financial assurance determinations. MARAD and the Coast Guard cannot legally approve a license for the GulfLink project. 5. Moving forward with this now would lock in decades of fossil fuel dependence and infrastructure, and pollute Gulf communities already experiencing devastating climate disasters, without benefit to local residents. A sincerely pissed off climate activists,",rare_oversample,oil_spill_risk|climate_emissions|air_quality|marine_wildlife|fisheries|wetlands_coast|national_interest,oppose,"property_rights, tourism, environmental_review, NEPA_process"
MARAD-2019-0093-10572,"Hi, I’m Sarah Welch from Harris County, Houston. I attend the University of Houston and I oppose the construction of a new oil export terminal, the Texas GulfLink! The city of Houston and the Gulf of Mexico recently lived through another hurricane disaster. The Texas GulfLink project, owned by Sentinel Midstream and approved by the Biden Administration, would contribute more to human, wildlife, and environmental risks. Risks of hundreds of oil spills over their lifetime, destroy coastal wetlands, threaten ecosystems, endanger communities and property rights, generate enormous greenhouse gas emissions and air pollution, and jeopardize tourism and fishing industries that depend on thriving coastal and ocean environments. The final environmental impact statement released by MARAD fails to provide critical information and analyses necessary to complete the required NEPA review and the Deepwater Water Port Act’s (“DWPA”) national interest and financial assurance determinations. MARAD cannot validly approve a license for the GulfLink project. Approving the GulfLink project now would lock in decades of fossil fuel dependence and infrastructure, and pollute Gulf communities already experiencing devastating climate disasters, without benefit to local residents. Stop Texas GulfLink!",rare_oversample,oil_spill_risk|climate_emissions|air_quality|marine_wildlife|fisheries|wetlands_coast|national_interest,oppose,"flood_risk, environmental_review, NEPA_process, property_rights, tourism"
MARAD-2019-0093-9020,"Hi, I’m Crystal Zamarron from Bexar county. I oppose the construction of a new oil export terminal, the Texas GulfLink! The city of Houston and the Gulf of Mexico recently lived through another hurricane disaster. The Texas GulfLink project, owned by Sentinel Midstream and approved by the Biden Administration, would contribute more to human, wildlife, and environmental risks. Risks of hundreds of oil spills over their lifetime, destroy coastal wetlands, threaten ecosystems, endanger communities and property rights, generate enormous greenhouse gas emissions and air pollution, and jeopardize tourism and fishing industries that depend on thriving coastal and ocean environments. The final environmental impact statement released by MARAD fails to provide critical information and analyses necessary to complete the required NEPA review and the Deepwater Water Port Act’s (“DWPA”) national interest and financial assurance determinations. MARAD cannot validly approve a license for the GulfLink project. Approving the GulfLink project now would lock in decades of fossil fuel dependence and infrastructure, and pollute Gulf communities already experiencing devastating climate disasters, without benefit to local residents. Stop Texas GulfLink! The location is near low-income communities, communities of color, and Indigenous lands due to decades of economic disenfranchisement and systemic racism. Stop! Do not contribute to environmental racism! Brazoria County, where the project is proposed, already fails to meet national clean air standards for ozone, a pollutant linked to a range of respiratory problems. Stop! Do not contribute to air pollution! Local drinking water will be prone to contamination, especially if there are spills or improper storage procedures at GulfLink’s proposed tank farm in Jones Creek. Stop! We need proper drinking water to live! GulfLink fails to justify locating the terminal in a floodplain or provide an adequate safety plan addressing flood risks. In the ",rare_oversample,oil_spill_risk|climate_emissions|air_quality|environmental_justice|marine_wildlife|fisheries|wetlands_coast|national_interest,oppose,"flood_risk, environmental_review, NEPA_process, property_rights, tourism, water_quality, public_health"
MARAD-2019-0093-2898,"GulfLink would be an absolute nightmare for Gulf Coast communities, ecosystems, and our global climate. Our marine ecosystems and coastal communities can’t afford another disaster --which is just a matter of time--and shouldn’t be put at risk for crude oil exports. Additionally, the GulfLink terminal and supporting pipelines pose extreme threats to Texas waterways, shoreline, and Gulf waters. An oil spill from the 42 miles of onshore and offshore pipelines could destroy community drinking water, coastal habitat, harm wildlife, and adversely impact important industries like tourism and fishing. The notorious BP Deepwater Horizon Disaster was a decade ago and the Gulf Coast ecosystem is still recovering. The Maritime Administration and U.S. Coast Guard have the authority to deny GulfLink’s permits. Please STOP GulfLink.",rare_oversample,oil_spill_risk|climate_emissions|marine_wildlife|fisheries|wetlands_coast,oppose,"water_quality, tourism"
MARAD-2019-0093-2851,"I oppose the Texas GulfLInk Deepwater Port. I am a resident of Brazoria County. I enjoy visiting the beaches and the National Wildlife Refuges. 1. The project is a waste of our natural resources. We should not be exporting oil. We should be saving our oil for future emergency use. The safest place to save oil is in its original underground location. 2. The risk of spills from storage or transport at this scale is too great. As we have all seen, spills of every size can happen in spite of the assurances to the contrary. Prevention of spills cannot be guaranteed. Complete clean-up is impossible. 3. The outcome of a large spill or several small spills would be devastating to tourism. Our beaches are visited by people from all over Texas and other states, bringing tourist dollars to the area. No one would want to visit a beach after an oil spill. 4. Hurricanes and flooding rains are common in our area. The potential for spills increases with storms. Wind and waves could damage the pipelines and storage tanks, causing irreparable harm. 5. The saltwater wetlands, freshwater bayous, woody thickets, and coastal prairies of the Brazoria National Wildlife Refuges host a number of permanent and migratory species, both terrestrial and marine. Here are the numbers: a. reptiles and amphibians: 95 species b. fish: 127 species, including commercial species c. mammals: 52 species d. birds: 400 species, including migratory species e. insects: 130 species of butterflies and dragonflies (these are just some of the insects present) 6. Brazoria County is already a non-attainment zone for air quality. Prevailing wind patterns would move volatile compounds over the county, compounding the air quality problem. Air pollution contributes to higher human death rates. In conclusion, the ordinary operation would imperil lives and a spill would devastate fragile ecosystems. The risks are great, and the benefits are few. I ask that you REJECT the proposed Texas GulfLink Deepwater Port.",rare_oversample,oil_spill_risk|marine_wildlife|fisheries|wetlands_coast|national_interest,oppose,"tourism, flood_risk"
MARAD-2019-0093-8002,"I urge you to reject the license for the Texas GulfLink oil export terminal. Fossil fuel pollution is the primary reason behind the climate crisis. The proposed Gulflink terminal will move one million barrels of oil per day and it is estimated that this terminal will cause more than 3.5 billion tons of climate pollution during it's lifetime. This is exactly what we don't need. The climate emergency is wreaking havoc all over the planet. Approving the GulfLink project will lock us in to more decades of dependence on fossil fuels when we desperately need to move to cleaner energy sources like wind and solar. Furthermore, communities in the Gulf have already been disproportionately impacted by fossil fuel projects. This additional terminal will again cause negative impacts to local communities to include degradation of coastal beaches and wetlands. This has impacted the local fishing industry causing many to lose jobs. It has also led to an industrialized area that was once serene and teaming with wildlife. Long time residents are suffering from these impacts without any positive benefits.",rare_oversample,climate_emissions|marine_wildlife|fisheries|wetlands_coast|national_interest,oppose,VOC_emissions
MARAD-2019-0093-10664,"The Texas GulfLink project, owned by Sentinel Midstream, would pump an additional 1 million barrels of crude oil per day to buyers overseas. Texas GulfLink would receive oil through an onshore pipeline from Houston into above-ground storage tanks that could hold 8.5 million barrels of oil near Jones Creek, a flood zone. The crude would be transported via a new 42-inch offshore pipeline to one of two floating mooring buoys in the Gulf of Mexico about 26.6 miles offshore from Freeport in Brazoria County. GulfLink is proposed just seven miles from Sea Port Oil Terminal, another massive oil export project the Biden administration quietly approved this year that would emit the equivalent of nearly 90 coal-fired power plants in planet-warming greenhouse gas emissions, violating the climate policies President Biden laid out in his executive orders. Projects like GulfLink risk hundreds of oil spills over their lifetime, destroy coastal wetlands, threaten ecosystems, endanger communities and property rights, generate enormous greenhouse gas emissions and air pollution, and jeopardize tourism and fishing industries that depend on thriving coastal and ocean environments. The final environmental impact statement released by MARAD fails to provide critical information and analyses necessary to complete the required NEPA review and the Deepwater Water Port Act’s (“DWPA”) national interest and financial assurance determinations. MARAD cannot validly approve a license for the GulfLink project. Approving the GulfLink project now would lock in decades of fossil fuel dependence and infrastructure, and pollute Gulf communities already experiencing devastating climate disasters, without benefit to local residents.",rare_oversample,oil_spill_risk|climate_emissions|air_quality|marine_wildlife|fisheries|wetlands_coast|national_interest,oppose,"flood_risk, environmental_review, NEPA_process, property_rights, tourism"
MARAD-2019-0093-9061,"Dear Coast Guard Staff, MARAD, President Biden, and Vice President Harris, The proposal by Sentinel Midstream to build the Texas GulfLink project and pump ship 1 million barrels of crude oil per day is immoral, impractical and must by rejected. There are a lot of reasons to reject the plan: 1. Texas GulfLink requires an above-ground storage tank farm to hold 8.5 million barrels of oil near Jones Creek, in a known flood zone. 2. The crude would be transported via a new 42-inch offshore pipeline to one of two floating mooring buoys in the Gulf of Mexico about 26.6 miles offshore from Freeport in Brazoria County. 3. GulfLink is proposed just seven miles from Sea Port Oil Terminal, another massive oil export project you erroneously and immorally approved. SPOT is already projected to emit the equivalent of 90 coal-fired power plants' worth global warming pollution. 4. Permitting more fossil fuel export projects is a direct violating of our international climate agreements and goals under teh Paris Climate Agreement and makes a mockery of President Biden's claims to be a climate leader. 5. The International Energy Agency and UN Scientists have been painfully clear — to achieve the goals President Biden and the world have committed of limiting global warming to 1.5-2 degrees Centigrade, we must stop building all NEW fossil fuel infrastructure now, today. 6. GulfLink will leak, and there will be an oil spll - all offshore oil terminals ever built have leaked and spilled. This threatens to destroy coastal wetlands, ecosystems, endangered species and aquatic wildlife 7. GulfLink, like all fossil fuel infrastructure takes public lands and property for private corporate gain. This is an affront to communities and property rights that also generates enormous greenhouse gas emissions and air pollution, and will destroy other sources of economic and community benefit, like tourism and fishing . 8. The final environmental impact statement released by MARAD fails to provide critica",rare_oversample,oil_spill_risk|climate_emissions|air_quality|marine_wildlife|fisheries|wetlands_coast,oppose,"property_rights, tourism, flood_risk, environmental_review, NEPA_process"
MARAD-2019-0093-10181,"I strongly oppose the Texas GulfLink oil export terminal. The final environmental impact statement released by MARAD fails to provide critical information and analyses necessary to complete the required NEPA review and the Deepwater Water Port Act’s (“DWPA”) national interest and financial assurance determinations. MARAD cannot validly approve a license for the GulfLink project. Approving the GulfLink project now would lock in decades of fossil fuel dependence and infrastructure, and pollute Gulf communities already experiencing devastating climate disasters, without benefit to local residents. GulfLink is one of four proposed oil export terminal projects in different permitting stages. There are also close to 20 methane gas LNG export terminals in various stages of development, and many new petrochemical plants proposed in the coastal area. These projects are sited in low-income communities, communities of color, and on Indigenous lands due to decades of economic disenfranchisement and systemic racism. These same communities are also the hardest hit by the climate crisis, which is caused by the emissions from fossil fuel production and use. Communities where the proposed oil and gas export expansion is concentrated suffer from increased rates of asthma, respiratory illness, and cancer. This is the direct result of decades of federal authorizations to construct and operate fossil fuel and other industrial facilities in and along the Gulf of Mexico. Adding thirty more years of polluting oil and gas infrastructure flouts the Administration’s commitments to reverse this toxic legacy. If GulfLink is licensed and then operates at full capacity for its expected 30-year lifespan, it will cause an incredible 3.8 billion metric tons of greenhouse gas emissions. This will push the world closer to climate catastrophe at a time when it is clear we need to phase out fossil fuels to avoid even more tragic climate disasters like fires, hurricanes, and heat waves. The International",rare_oversample,climate_emissions|air_quality|environmental_justice,oppose,"public_health, environmental_review, NEPA_process, flood_risk"
MARAD-2019-0093-0712,"I am writing to express opposition to Texas GulfLink LLC's application for a Deepwater Port License from the Maritime Administration, and raise concerns with significant inadequacies in the project's environmental review (DEIS). We need to take better care of what is left of our environment, for our wildlife, and our marine life. First and foremost, I am concerned that construction and operation of the export facility would only benefit oil and gas industry interests while placing massive burdens on local communities, the Gulf of Mexico's coastal and marine ecosystems, and the global climate. This project therefore is not in the ""national interest."" I am deeply concerned about potentially catastrophic impacts of a major oil spill in the Gulf of Mexico. It has been ten years since the Deepwater Horizon disaster that decimated our Gulf Coast - our marine ecosystems and coastal communities are still struggling to recover and can't afford another disaster. The DEIS does not adequately analyze oil spill risks, especially potential impacts on the endangered Black Rail and critically endangered Kemp's Ridley Sea Turtle. Impacts from air pollution emissions associated with this project are also of deep concern. Local residents cannot afford the additional pollution burdens, as the region is already classified as nonattainment for EPA's health-based air quality standards for ozone, and NOx emissions would also exceed the threshold for concern. I am alarmed that the EIS does not consider the very real and foreseeable direct and indirect impacts of the project's greenhouse gas emissions on climate change. 2020 was a record storm season for the Gulf, battering many communities with flooding from storm surges. It is widely understood that crude exports are driving the rapid increase of oil and gas drilling in the Permian Basin - oil that could otherwise be left in the ground. MARAD must analyze the full lifecycle climate impacts of oil drilling, transportation, refining, and con",rare_oversample,oil_spill_risk|climate_emissions|air_quality|marine_wildlife|wetlands_coast|national_interest,oppose,"public_health, environmental_review, flood_risk"
MARAD-2019-0093-9643,"The Texas GulfLink project presents serious environmental, social, and economic risks that far exceed any potential advantages. Situated in a flood-prone region and depending on outdated fossil fuel infrastructure, it risks worsening climate change, escalating air and water pollution, and compromising the health and safety of Gulf Coast communities. By reinforcing reliance on fossil fuels, GulfLink undermines both national and global efforts to shift towards cleaner energy sources. Furthermore, the project exacerbates environmental injustice by disproportionately impacting low-income and minority communities already suffering from pollution and climate-related issues. Approving GulfLink would cement decades of harmful emissions, heighten the risk of catastrophic oil spills, and threaten essential wildlife habitats, all at a time when global oil demand is expected to decline. This project does not align with national interests and should be rejected in favor of sustainable energy solutions that better serve people and the planet.",rare_oversample,oil_spill_risk|climate_emissions|air_quality|environmental_justice|marine_wildlife|national_interest,oppose,"public_health, flood_risk"
MARAD-2019-0093-10511,"Opposition to Texas GulfLink Deepwater Port License Application (Docket No. MARAD-2019-0093) Dear MARAD, I am writing to express my strong opposition to the approval of the Texas GulfLink deepwater port license application. As the final environmental impact statement (FEIS) for this project has been released, it is crucial that the voices of the communities that will be most affected by this project are heard. Approving Texas GulfLink would have devastating consequences for public health, environmental justice, and the global climate. Texas GulfLink is poised to become one of the largest oil export terminals in the U.S., with the capacity to export up to 1 million barrels of crude oil per day. This project alone could contribute an additional 3.8 billion metric tons of climate-warming pollution over its 30-year lifespan. At a time when the world is grappling with unprecedented climate disasters, increasing fossil fuel infrastructure is the last thing we need. Moreover, this project will exacerbate existing environmental injustices in Brazoria County, where the terminal is proposed. This region is already struggling with poor air quality, frequent flooding, and the cumulative impacts of industrial pollution. GulfLink’s construction and operation will only worsen these conditions, disproportionately affecting low-income communities and communities of color. The FEIS fails to adequately address the environmental and public health risks associated with GulfLink. From the potential for catastrophic oil spills to the increased emission of toxic air pollutants, the dangers posed by this project are clear and unacceptable. The FEIS also overlooks the long-term impacts on critical wildlife habitats and the threat to endangered species like the Kemp’s ridley sea turtle and Rice’s whale. Approving GulfLink would lock in decades of fossil fuel dependency, undermining national and global efforts to transition to clean energy. It would directly contradict the Administration’s com",rare_oversample,oil_spill_risk|climate_emissions|air_quality|environmental_justice|marine_wildlife,oppose,"public_health, flood_risk, environmental_review"
MARAD-2019-0093-6588,"I am writing as a physicist, energy researcher and citizen to voice my opposition to the Texas GulfLink oil export terminal. The climate crisis is developing quickly, and we can no longer afford to continue developing fossil fuel resources into the future. It is your responsibility by law to fully and impartially evaluate all the impacts of continuing to increase the U.S. use and export of fossil fuels. The final environmental impact statement released by MARAD fails to provide critical information and analyses necessary to complete the required NEPA review and the Deepwater Water Port Act’s (“DWPA”) national interest and financial assurance determinations. MARAD cannot validly approve a license for the GulfLink project. Approving the GulfLink project now would lock in decades of fossil fuel dependence and infrastructure, and pollute Gulf communities already experiencing devastating climate disasters, without benefit to local residents. GulfLink is one of four proposed oil export terminal projects in different permitting stages. There are also close to 20 methane gas LNG export terminals in various stages of development, and many new petrochemical plants proposed in the coastal area. These projects are sited in low-income communities, communities of color, and on Indigenous lands due to decades of economic disenfranchisement and systemic racism. These same communities are also the hardest hit by the climate crisis, which is caused by the emissions from fossil fuel production and use. Communities where the proposed oil and gas export expansion is concentrated suffer from increased rates of asthma, respiratory illness, and cancer. This is the direct result of decades of federal authorizations to construct and operate fossil fuel and other industrial facilities in and along the Gulf of Mexico. Adding thirty more years of polluting oil and gas infrastructure flouts the Administration’s commitments to reverse this toxic legacy. If GulfLink is licensed and then operates a",rare_oversample,climate_emissions|air_quality|environmental_justice|wetlands_coast|national_interest,oppose,"public_health, environmental_review, NEPA_process"
MARAD-2019-0093-1244,"I am opposed to Texas GulfLink LLC's application for a Deepwater Port License from the Maritime Administration. I have many concerns that there are significant inadequacies in the project's environmental review (DEIS). Construction and operation of the export facility would only benefit oil and gas industry interests while placing massive burdens on local communities, the Gulf of Mexico's coastal and marine ecosystems, and the global climate. This project is not in the ""national interest."" It has been ten years since the Deepwater Horizon disaster that decimated our Gulf Coast - our marine ecosystems and coastal communities are still struggling to recover and can't afford another disaster. The DEIS does not adequately analyze oil spill risks, especially potential impacts on the endangered Black Rail and critically endangered Kemp's Ridley Sea Turtle. Local residents cannot afford the additional air pollution emissions as the region is already classified as nonattainment for EPA's health-based air quality standards for ozone, and NOx emissions would also exceed the threshold for concern. I am alarmed that the EIS does not consider the very real and foreseeable direct and indirect impacts of the project's greenhouse gas emissions on climate change. 2020 was a record storm season for the Gulf, battering many communities with flooding from storm surges. It is widely understood that crude exports are driving the rapid increase of oil and gas drilling in the Permian Basin - oil that could otherwise be left in the ground. MARAD must analyze the full lifecycle climate impacts of oil drilling, transportation, refining, and consumption that would result from this project. Finally, I am concerned that the EIS does not consider environmental justice impacts. Toxic pollution from existing oil and gas infrastructure disproportionately burdens low-income, minority communities in the Gulf of Mexico region. And, these communities are at ground zero for the impacts of climate change,",rare_oversample,oil_spill_risk|climate_emissions|air_quality|environmental_justice|marine_wildlife|wetlands_coast|national_interest,oppose,"public_health, environmental_review, flood_risk"
MARAD-2019-0093-2624,"I am opposed to Texas GulfLink LLC's application for a Deepwater Port License from the Maritime Administration and raise concerns with significant inadequacies in the project's environmental review (DEIS). First and foremost, I am concerned that construction and operation of the export facility would only benefit the oil and gas industry while placing massive burdens on local communities, the Gulf of Mexico's coastal and marine ecosystems, and the global climate. This project therefore is not in the ""national interest."" I am deeply concerned about potentially catastrophic impacts of a major oil spill in the Gulf of Mexico. It has been ten years since the Deepwater Horizon disaster that decimated our Gulf Coast. Ourur marine ecosystems and coastal communities are still struggling to recover and can't afford another disaster. The DEIS does not adequately analyze oil spill risks, especially potential impacts on the endangered Black Rail and critically endangered Kemp's Ridley Sea Turtle. Impacts from air pollution emissions associated with this project are also of deep concern. Local residents cannot afford the additional pollution burdens, as the region is already classified as nonattainment for EPA's health-based air quality standards for ozone, and NOx emissions would also exceed the threshold for concern. I am alarmed that the EIS does not consider the very real and foreseeable direct and indirect impacts of the project's greenhouse gas emissions on climate change. 2020 was a record storm season for the Gulf, battering many communities with flooding from storm surges. It is widely understood that crude exports are driving the rapid increase of oil and gas drilling in the Permian Basin - oil that could otherwise be left in the ground. MARAD must analyze the full lifecycle climate impacts of oil drilling, transportation, refining, and consumption that would result from this project. Finally, I am concerned that the EIS does not consider environmental justice impacts.",rare_oversample,oil_spill_risk|climate_emissions|air_quality|environmental_justice|marine_wildlife|wetlands_coast|national_interest,oppose,"public_health, environmental_review, flood_risk"
MARAD-2019-0093-8659,"The Texas GulfLink project poses significant environmental, social, and economic risks that far outweigh any potential benefits to citizens, and rather giving priority to corporations. We as a country should be positioning ourselves at the forefront of renewable energy. By further entrenching fossil fuel dependence, GulfLink directly undermines national and global efforts to transition to cleaner energy sources. Gulf coast communities have historically received the short end of the stick by having large scale projects like these that ultimately exacerbate anthropogenic climate change increasing the frequency and intensity of natural disasters. Approving GulfLink would lock in decades of harmful emissions, increase the risk of catastrophic oil spills, and threaten critical wildlife habitats, all while global demand for oil is projected to decline. This project is not in the national interest and should be rejected in favor of sustainable energy alternatives that prioritize the well-being of people and the planet. We as United States citizens, and furthermore Texans, should pride ourselves by leading the charge on innovation that ultimately will benefit ALL Americans.",rare_oversample,oil_spill_risk|climate_emissions|marine_wildlife|national_interest,oppose,
MARAD-2019-0093-2709,"I oppose Texas GulfLink LLC's application for a Deepwater Port License from the Maritime Administration because of concerns over significant inadequacies in the project's environmental review (DEIS). First and foremost, I am concerned that construction and operation of the export facility would benefit only the oil and gas industry and place massive burdens on local communities, the Gulf of Mexico's coastal and marine ecosystems, and the global climate. That means there is no possible basis for any argument that this project is in the ""national interest."" I am deeply concerned about the potentially catastrophic impacts of a major oil spill in the Gulf of Mexico. Ten years after the Deepwater Horizon disaster decimated our Gulf Coast, our marine ecosystems and coastal communities are still struggling to recover. They can't afford another disaster. The DEIS does not adequately analyze oil spill risks, especially potential impacts on the endangered Black Rail and the critically endangered Kemp's Ridley Sea Turtle. Impacts from air pollution emissions associated with this project are also of deep concern. Local residents cannot afford the additional pollution burdens, as the region is already classified as nonattainment for EPA's health-based air quality standards for ozone, and NOx emissions would also exceed the threshold for concern. I am alarmed that the EIS does not consider the very real and foreseeable direct and indirect impacts of the project's greenhouse gas emissions on climate change. 2020 was a record storm season for the Gulf, battering many communities with flooding from storm surges. It is widely understood that crude exports are driving the rapid increase of oil and gas drilling in the Permian Basin - oil that could otherwise be left in the ground. MARAD must analyze the full lifecycle climate impacts of oil drilling, transportation, refining, and consumption that would result from this project. Finally, I am concerned that the EIS does not consider env",rare_oversample,oil_spill_risk|climate_emissions|air_quality|marine_wildlife|wetlands_coast|national_interest,oppose,"public_health, environmental_review, flood_risk"
MARAD-2019-0093-6457,"We have entered a perilous time of climate disaster. I am writing to voice my opposition to the Texas GulfLink oil export terminal. The final environmental impact statement released by MARAD fails to provide critical information and analyses necessary to complete the required NEPA review and the Deepwater Water Port Act’s (“DWPA”) national interest and financial assurance determinations. MARAD cannot validly approve a license for the GulfLink project. Approving the GulfLink project now would lock in decades of fossil fuel dependence and infrastructure, and pollute Gulf communities already experiencing devastating climate disasters, without benefit to local residents. GulfLink is one of four proposed oil export terminal projects in different permitting stages. There are also close to 20 methane gas LNG export terminals in various stages of development, and many new petrochemical plants proposed in the coastal area. These projects are sited in low-income communities, communities of color, and on Indigenous lands due to decades of economic disenfranchisement and systemic racism. These same communities are also the hardest hit by the climate crisis, which is caused by the emissions from fossil fuel production and use. Communities where the proposed oil and gas export expansion is concentrated suffer from increased rates of asthma, respiratory illness, and cancer. This is the direct result of decades of federal authorizations to construct and operate fossil fuel and other industrial facilities in and along the Gulf of Mexico. Adding thirty more years of polluting oil and gas infrastructure flouts the Administration’s commitments to reverse this toxic legacy. If GulfLink is licensed and then operates at full capacity for its expected 30-year lifespan, it will cause an incredible 3.8 billion metric tons of greenhouse gas emissions. This will push the world closer to climate catastrophe at a time when it is clear we need to phase out fossil fuels to avoid even more tragic c",rare_oversample,climate_emissions|air_quality|environmental_justice,oppose,"public_health, environmental_review, NEPA_process"
MARAD-2019-0093-10315,"THE MARITIME ADMINISTRATION FAILED ITS JOB!! I am writing to voice my opposition to the Texas GulfLink oil export terminal. The final environmental impact statement released by MARAD fails to provide critical information and analyses necessary to complete the required NEPA review and the Deepwater Water Port Act’s (“DWPA”) national interest and financial assurance determinations. MARAD cannot validly approve a license for the GulfLink project. Approving the GulfLink project now would lock in decades of fossil fuel dependence and infrastructure, and pollute Gulf communities already experiencing devastating climate disasters, without benefit to local residents. GulfLink is one of four proposed oil export terminal projects in different permitting stages. There are also close to 20 methane gas LNG export terminals in various stages of development, and many new petrochemical plants proposed in the coastal area. These projects are sited in low-income communities, communities of color, and on Indigenous lands due to decades of economic disenfranchisement and systemic racism. These same communities are also the hardest hit by the climate crisis, which is caused by the emissions from fossil fuel production and use. Communities where the proposed oil and gas export expansion is concentrated suffer from increased rates of asthma, respiratory illness, and cancer. This is the direct result of decades of federal authorizations to construct and operate fossil fuel and other industrial facilities in and along the Gulf of Mexico. Adding thirty more years of polluting oil and gas infrastructure flouts the Administration’s commitments to reverse this toxic legacy. If GulfLink is licensed and then operates at full capacity for its expected 30-year lifespan, it will cause an incredible 3.8 billion metric tons of greenhouse gas emissions. This will push the world closer to climate catastrophe at a time when it is clear we need to phase out fossil fuels to avoid even more tragic climate d",rare_oversample,climate_emissions|air_quality|environmental_justice,oppose,"public_health, environmental_review, NEPA_process"
MARAD-2019-0093-8922,"Please cancel this project. This will harm local community, habitats, and the planet. We do not need this.",rare_oversample,marine_wildlife,oppose,
MARAD-2019-0093-8776,"he Texas GulfLink project poses significant environmental, social, and economic risks that far outweigh any potential benefits. Positioned in a flood-prone area and relying on outdated fossil fuel infrastructure, the project threatens to exacerbate climate change, increase air and water pollution, and jeopardize the health and safety of Gulf Coast communities. By further entrenching fossil fuel dependence, GulfLink directly undermines national and global efforts to transition to cleaner energy sources. Additionally, the project perpetuates environmental racism, targeting low-income and minority communities already burdened by pollution and climate disasters. Approving GulfLink would lock in decades of harmful emissions, increase the risk of catastrophic oil spills, and threaten critical wildlife habitats, all while global demand for oil is projected to decline. This project is not in the national interest and should be rejected in favor of sustainable energy alternatives that prioritize the well-being of people and the planet.",rare_oversample,oil_spill_risk|climate_emissions|air_quality|environmental_justice|marine_wildlife|national_interest,oppose,"public_health, flood_risk"
MARAD-2019-0093-2849,"I hate to think of how badly this project would effect the health and livelihood of the people of Brazoria County, TX. I urge you to reject Texas Gulflink’s application to build a deepwater port in the Gulf of Mexico. This project absolutely fails to meet the requirement, set by the Deepwater Ports Act, of being “in the national interest.” On the contrary, the port would be harmful to our climate, environment, frontline communities and endangered species. To avoid the most catastrophic impacts of climate change, governments must stop approving fossil fuel projects and aggressively reduce greenhouse gas emissions. Approving this port would accomplish exactly the opposite. Crude exports are driving the rapid increase of oil and gas drilling in the Gulf region — fossil fuels that must be left in the ground. Yet your agency has failed to consider the project's upstream and downstream emissions, in violation of the National Environmental Policy Act. The project would also increase the toxic air pollution and oil spills that already burden Gulf Coast ecosystems and human communities, which have long served as sacrifice zones for the fossil fuel industry. This adds insult to injury for imperiled wildlife like endangered Kemp's ridley sea turtles, a species still recovering from the 2010 Deepwater Horizon spill. Again, the draft environmental impact statement fails to adequately consider any of these harms. The Maritime Administration also failed to properly consider the cumulative impacts from the other offshore fossil fuel export projects in the Gulf of Mexico that your agency is currently considering approving, such as SPOT and Bluewater. You must reject this dangerous project. At the very least, you must suspend all individual project analyses until your agency conducts a programmatic analysis that considers all the numerous harms from all the proposed offshore fossil fuel export facilities in the Gulf and gives the public a chance to comment on that analysis. I urge yo",rare_oversample,oil_spill_risk|climate_emissions|air_quality|marine_wildlife|national_interest,oppose,"public_health, environmental_review"
MARAD-2019-0093-8508,"Dear Coast Guard Staff, MARAD, President Biden, and Vice President Harris, The proposal by Sentinel Midstream to build the Texas GulfLink project and pump ship 1 million barrels of crude oil per day is immoral, impractical and must by rejected. We are in a situation now, of major pollution of our planet Earth culiminating over 80 years plus, wreaking havoc with our ability to survive. We are in a climate emergency. We know what the cause is, pollution. We must stop this madness, for we are fast moving towards our own extinction! The idea that Texas GulfLink is one of 20 new oil and gas projects proposed in the U.S. Gulf South — the largest buildout of fossil fuel projects in the world — THIS WILL harm public health, exacerbate environmental racism, and make the climate crisis worse. If completed, the project could export up to 1 million barrels of crude oil every day, contributing an additional 3.8 billion metric tons of climate-warming pollution throughout its 30-year lifetime, once the transported oil is burned. This will push the world further into climate catastrophe at a time when we desperately need to phase out fossil fuels to avoid even more devastating climate disasters. Hurricanes – like Hurricane Beryl (which not only hit Texas, but created severe flooding across the USA, including Vermont which declared a state of emergency) – have already drastically increased along the Gulf Coast of Texas, where the project is currently proposed, and increased warming from more fossil fuel pollution will only make these climate disasters deadlier and more destructive. There are a lot of reasons to reject the plan: - A quick decline in global oil demand is both necessary and inevitable if the world is to avoid or mitigate the most cataclysmic impacts from climate change, and if the U.S. is to fulfill its own national climate policy. Since the crude oil export ban was lifted in 2015, the expansion of export infrastructure in the Gulf Coast has risen at a nearly one-to-on",rare_oversample,oil_spill_risk|climate_emissions|marine_wildlife|wetlands_coast,oppose,"flood_risk, public_health, VOC_emissions"
MARAD-2019-0093-8732,"Hello, My name is Jeneva and I am deeply concerned about the environmental, social, and economic risk that the Texas GulfLink project poses to the surrounding community and ultimately the entire planet. Positioned in a flood-prone area and relying on outdated fossil fuel infrastructure, the project threatens to exacerbate climate change, increase air and water pollution, and jeopardize the health and safety of Gulf Coast communities. By further entrenching fossil fuel dependence, GulfLink directly undermines national and global efforts to transition to cleaner energy sources. Additionally, the project perpetuates environmental racism, targeting low-income and minority communities already burdened by pollution and climate disasters. Approving GulfLink would lock in decades of harmful emissions, increase the risk of catastrophic oil spills, and threaten critical wildlife habitats, all while global demand for oil is projected to decline. This project is not in the national interest and should be rejected in favor of sustainable energy alternatives that prioritize the well-being of people and the planet. With love for you and our home, Jeneva",rare_oversample,oil_spill_risk|climate_emissions|air_quality|environmental_justice|marine_wildlife|national_interest,oppose,"public_health, flood_risk"
MARAD-2019-0093-8718,"The Texas GulfLink project poses undeniable environmental, social, and economic risks that far outweigh any potential benefits. Proposed in a flood-prone area and relying on outdated fossil fuel infrastructure, the project threatens to worsen climate change, increase air and water pollution, and harm the health and safety of Gulf Coast communities. By further entrenching fossil fuel dependence, GulfLink directly undermines national and global efforts to transition to cleaner energy sources - an area where the United States trails behind many other foreign countries. Approving GulfLink would lock in decades of harmful emissions, increase the risk of catastrophic oil spills, and threaten critical wildlife habitats, all while global demand for oil is projected to decline. This means long term financial and environmental risk that cannotbe justified. This project is not in the national interest and should be rejected in favor of sustainable energy alternatives that prioritize the well-being of people and the planet.",rare_oversample,oil_spill_risk|climate_emissions|air_quality|marine_wildlife|national_interest,oppose,"public_health, flood_risk"
MARAD-2019-0093-1055,"I am writing to express my STRONG OPPOSITION to Texas GulfLink LLC's application for a Deepwater Port License from the Maritime Administration, and raise concerns with significant inadequacies in the project's environmental review (DEIS). First and foremost, I am concerned that construction and operation of the export facility would only benefit oil and gas industry interests , the Gulf of Mexico's coastal and marine ecosystems, WHILE PLACING MASSIVE IMPOSITIONS ON LOCAL COMMUNITIES, and while further AGGRAVATING the global climate. This project therefore is CLEARLY NOT in the ""national interest."" I am deeply concerned about potentially catastrophic impacts of a major oil spill in the Gulf of Mexico. It has been ten years since the Deepwater Horizon disaster that decimated our Gulf Coast - our marine ecosystems and coastal communities are still struggling to recover and can't afford another disaster. The DEIS does not adequately analyze oil spill risks, especially potential impacts on the endangered Black Rail and critically endangered Kemp's Ridley Sea Turtle. Impacts from air pollution emissions associated with this project are also of deep concern. Local residents cannot afford the additional pollution burdens, as the region is already classified as nonattainment for EPA's health-based air quality standards for ozone, and NOx emissions would also exceed the threshold for concern. I am alarmed that the EIS does not consider the very real and foreseeable direct and indirect impacts of the project's greenhouse gas emissions on climate change. 2020 was a record storm season for the Gulf, battering many communities with flooding from storm surges. It is widely understood that crude exports are driving the rapid increase of oil and gas drilling in the Permian Basin - oil that could otherwise be left in the ground. MARAD must analyze the full lifecycle climate impacts of oil drilling, transportation, refining, and consumption that would result from this project. Finally",rare_oversample,oil_spill_risk|climate_emissions|air_quality|marine_wildlife|wetlands_coast|national_interest,oppose,"public_health, environmental_review, flood_risk"
MARAD-2019-0093-0302,"I remember Deepwater Horizon, so I OPPOSE Texas GulfLink LLC's application for a Deepwater Port License from the Maritime Administration and the Army Corps of Engineers. The project's environmental review is profoundly inadequate. I also ask for a public hearing on the Army Corps' permitting process because of the extreme risks the project presents to our communities: flooding, contamination of our water supply, the Brazos Watershed, and Gulf Waters. The export facility would benefit ONLY fossil fuel industry interests while polluting local communities and the Gulf of Mexico's coastal and marine ecosystems, and escalating the global climate crisis. When the GulfLink pipeline ruptures it will contaminate the Hurst Wildlife Management Area, a rich, bio-diverse wetland wildlife sanctuary. Our coastal region is an economic engine with environmental treasures that deserve to be protected. I am deeply concerned about potentially catastrophic impacts of another major oil spill in the Gulf of Mexico. Our Gulf marine life has suffered tremendously from the Deepwater Horizon spill, killing sea turtles and nearly destroying the dolphin population. Oil, gas, and chemical infrastructure dominate the Gulf and leak toxic chemicals and oil, contaminating our waters every year. In 2018, NOAA reported 137 significant oil spills in the US, most of them occurring in the Gulf of MexicoYou don't have the right to damage our country more than you already have. So stop it. Thank you.",rare_oversample,oil_spill_risk|climate_emissions|marine_wildlife|wetlands_coast,oppose,"water_quality, flood_risk, environmental_review, NEPA_process"
MARAD-2019-0093-8478,"This GulfLink tank farm would pose a risk to people and wildlife. Durning a flood or hurricane if the oil that is being stored leaks into the flood water or ground. If GulfLink tanks are not well maintained or just fail the oil that is spilled poses risk to wildlife and people. Brazoria county does not meet the national clean air standards and this project would just add to the pollution. An oil spill from GulfLink from the onshore pipeline or oil used for drilling during construction could permanently damage well water. As I run off a well this would impact me and my family greatly. GulfLink poses a threat to multiple Federally protected species like the Rice’s whale, Eastern Black Rail, Sea turtles, and Gulf Sturgeon.",rare_oversample,oil_spill_risk|air_quality|marine_wildlife,oppose,"water_quality, flood_risk"
MARAD-2019-0093-2285,"To whom it may concern: The Maritime Administration (MARAD) and US Coast Guard (USCG) have issued the Draft Environmental Impact Statement for the proposed GulfLink oil export terminal project and are reviewing permit applications for three other proposed oil exports off the Texas Gulf Coast. MARAD is therefore asking for public comments. It has been ten years since the Deepwater Horizon disaster decimated the Gulf Coast. The marine ecosystems and coastal communities are still struggling to recover and can't afford another disaster. Oil company Sentinel Midstream and financier Freepoint Commodities plan to build a massive crude oil storage facility, onshore and offshore 42-inch pipelines, and an oil export terminal off the coast of Brazoria County, Texas, south of Houston. If built, GulfLink and the other proposed oil projects would include a network of new onshore and offshore crude oil pipelines, massive crude oil storage tanks, and an oil export terminal off the coast of Brazoria County, Texas. The GulfLink oil terminal would load Very Large Crude Carriers (VLCCs) - massive tanker ships - with 2 million barrels/day of oil. An oil spill from GulfLink's planned 46 miles of pipelines could contaminate the Brazos River Watershed, destroy community drinking water, and exacerbate erosion and existing air pollution. Pollutants would compound existing environmental justice and public health problems caused by industrial air toxins, especially in frontline communities such as Jones Creek, where the terminal would be built. It would destroy nesting grounds for the critically endangered Kemp's Ridley sea turtle and beach and dune habitat for generations. The GulfLink project would prolong reliance on dirty fossil fuels for decades to come, and directly cause the combustion of billions of tons of crude resulting in the emissions of massive climate change inducing pollution that will continue to wreak havoc on the most vulnerable communities. This project would be located onl",rare_oversample,oil_spill_risk|climate_emissions|air_quality|environmental_justice|marine_wildlife|wetlands_coast,oppose,"water_quality, public_health, environmental_review, NEPA_process"
MARAD-2019-0093-8129,"I urge you to reject the license for the Texas GulfLink oil export terminal. Approving the GulfLink project now would lock in decades of fossil fuel dependence and infrastructure and pollute Gulf communities already experiencing devastating climate disasters without benefiting local residents. The GulfLink terminal is projected to create 3.5 billion tons of climate pollution within its lifetime. Not to mention how fracking, drilling, and pollution rates skyrocketing poses risk towards the health and wellbeing of humans as well as our environment. Fossil fuel pollution is the primary driver of the climate crisis that has lead to devastating consequences such as fires, floods, hurricanes, extreme weather, species extinction, and even more. For the safety of our people, our land, and our waters, please reject the license for the Texas GulfLink.",rare_oversample,climate_emissions,oppose,"public_health, flood_risk"
MARAD-2019-0093-2585,"I am writing to express opposition to Texas GulfLink LLC's application for a Deepwater Port License from the Maritime Administration. I shortened the lengthy, if well stated, Public Citizen comment just to say ""NO"" to this ludicrous abuse of our coastline at a time when we MUST pivot to renewable energy. Get a grip and END this nonsense!! Rebecca Richards",rare_oversample,oil_spill_risk|climate_emissions|air_quality|marine_wildlife|wetlands_coast,oppose,"public_health, environmental_review"
MARAD-2019-0093-8407,"I am writing as a physician and public health professional. I urge you to reject the license for the Texas GulfLink oil export terminal. Approving the GulfLink project now would lock in decades of fossil fuel dependence and infrastructure and - of great concern to me - would pollute Gulf communities already experiencing devastating climate disasters without benefiting local residents. The proposed GulfLink terminal would move one million barrels of oil per day and create more than 3.5 billion tons of climate pollution in its lifetime, leading to more fracking, drilling, and climate pollution — the exact wrong direction for your health and the environment. We need to be putting the brakes on fossil fuel development NOW, not decades from now. Fossil fuel pollution is the primary driver of the climate crisis, leading to devastating consequences such as fires, floods, hurricanes, extreme weather, species extinction, and more. These climate disasters are already hitting communities along the Gulf of Mexico, where fossil fuel expansion is disproportionately and deliberately concentrated. Furthermore, these fossil fuel projects and their related industries such as plastics are severely compromising the health of these communities. We need to be putting people and planet over the profit needs of corporations. Thank you.",rare_oversample,climate_emissions,oppose,"public_health, flood_risk"
MARAD-2019-0093-0184,"Tank farms are Dangerous to be built in residential areas. Fires, gasses, off setting water table that produces flooding of homes, contamination of water table waters, excessive lighting at night, destruction of natural land & wildlife preserve, & noise pollution are just a few issues associated with tank farms. Not to mention we are an historical site of SF Austin & the Republic of Texas. The site is perilously close to residents & our one school! The residents of Jones Creek moved here for the rural beauty. This DOES NOT include multiple massive tanks & their risks. Greed is at the bottom and this problem, & Jones Creek residents should not have to suffer because of it. Especially when there is already a viable, less expensive place to build present !",rare_oversample,marine_wildlife,oppose,"water_quality, flood_risk, visual_impacts, noise, property_rights"
MARAD-2019-0093-2396,"The only way to deal with the climate crisis is to stop investing in fossil fuel infrastructure and replace it with renewable energy sources. That is why I am writing to express opposition to Texas GulfLink LLC's application for a Deepwater Port License from the Maritime Administration and raise concerns with significant inadequacies in the project's environmental review (DEIS). First and foremost, I am concerned that construction and operation of the export facility would only benefit the oil and gas industry while placing massive burdens on local communities, the Gulf of Mexico's coastal and marine ecosystems, and the global climate. This project therefore is not in the ""national interest."" I am deeply concerned about potentially catastrophic impacts of a major oil spill in the Gulf of Mexico. It has been ten years since the Deepwater Horizon disaster that decimated our Gulf Coast. Ourur marine ecosystems and coastal communities are still struggling to recover and can't afford another disaster. The DEIS does not adequately analyze oil spill risks, especially potential impacts on the endangered Black Rail and critically endangered Kemp's Ridley Sea Turtle. Impacts from air pollution emissions associated with this project are also of deep concern. Local residents cannot afford the additional pollution burdens, as the region is already classified as nonattainment for EPA's health-based air quality standards for ozone, and NOx emissions would also exceed the threshold for concern. I am alarmed that the EIS does not consider the very real and foreseeable direct and indirect impacts of the project's greenhouse gas emissions on climate change. 2020 was a record storm season for the Gulf, battering many communities with flooding from storm surges. It is widely understood that crude exports are driving the rapid increase of oil and gas drilling in the Permian Basin - oil that could otherwise be left in the ground. MARAD must analyze the full lifecycle climate impacts of oi",rare_oversample,oil_spill_risk|climate_emissions|air_quality|marine_wildlife|wetlands_coast|national_interest,oppose,"public_health, environmental_review, flood_risk"
MARAD-2019-0093-7976,"To Whom It Concerns: The proposed GulfLink terminal would move one million barrels of oil per day and create more than 3.5 billion tons of climate pollution in its lifetime, leading to more fracking, drilling, and climate pollution — the exact wrong direction for your health and the environment. Fossil fuel pollution is the primary driver of the climate crisis, leading to devastating consequences such as fires, floods, hurricanes, extreme weather, species extinction, and more.I urge you to reject the license for the Texas GulfLink oil export terminal. Approving the GulfLink project now would lock in decades of fossil fuel dependence and infrastructure and pollute Gulf communities already experiencing devastating climate disasters without benefiting local residents. Please deny this now. Thank you.",rare_oversample,climate_emissions,oppose,"public_health, flood_risk"
MARAD-2019-0093-8821,"I am standing against the Texas GulfLink project! The GulfLink project threatens our environment and many communities. Positioned in a flood-prone area and relying on outdated fossil fuel infrastructure, the project threatens to exacerbate climate change, increase air and water pollution, and jeopardize the health and safety of Gulf Coast communities. By further entrenching fossil fuel dependence, GulfLink directly undermines national and global efforts to transition to cleaner energy sources. Additionally, the project perpetuates environmental racism, targeting low-income and minority communities already burdened by pollution and climate disasters. Approving GulfLink would lock in decades of harmful emissions, increase the risk of catastrophic oil spills, and threaten critical wildlife habitats, all while global demand for oil is projected to decline. This project is not in the national interest and should be rejected in favor of sustainable energy alternatives that prioritize the well-being of people and the planet.",rare_oversample,oil_spill_risk|climate_emissions|air_quality|environmental_justice|marine_wildlife|national_interest,oppose,"public_health, flood_risk"
MARAD-2019-0093-7594,"The proposed GulfLink terminal would move one million barrels of oil per day and create more than 3.5 billion tons of climate pollution in its lifetime, leading to more fracking, drilling, and climate pollution — the exact wrong direction for your health and the environment. Fossil fuel pollution is the primary driver of the climate crisis, leading to devastating consequences such as fires, floods, hurricanes, extreme weather, species extinction, and more.",rare_oversample,climate_emissions,oppose,public_health
MARAD-2019-0093-7636,"Please do not allow the Gulflink terminal to be built. The proposed GulfLink terminal would move one million barrels of oil per day and create more than 3.5 billion tons of climate pollution in its lifetime, leading to more fracking, drilling, and climate pollution — the exact wrong direction for our health and the environment. Haven't we done enough damage already? What kind of world are we leaving to our children? Fossil fuel pollution is the primary driver of the climate crisis, leading to devastating consequences such as fires, floods, hurricanes, extreme weather, species extinction, and more. No one wants to acknowledge the very likely extinction of Homo sapiens if we continue down this nonsensical path. These climate disasters are already hitting communities, like Houston, Galveston, Lake Charles, Biloxi & New Orleans, along the Gulf of Mexico, where fossil fuel expansion is disproportionately and deliberately concentrated. It’s critical that we speak out against this disastrous proposal. Enough is enough! It is time to take responsibility for future generations.",rare_oversample,climate_emissions,oppose,"public_health, flood_risk"
MARAD-2019-0093-2526,"I am writing to express opposition to Texas GulfLink LLC's application for a Deepwater Port License from the Maritime Administration and raise concerns with significant inadequacies in the project's environmental Bi m (DEIS). First and foremost, I am concerned that construction and operation of the export facility would only benefit the oil and gas industry while placing massive burdens on local communities, the Gulf of Mexico's coastal and marine ecosystems, and the global climate. This project therefore is not in the ""national interest."" I am deeply concerned about potentially catastrophic impacts of a major oil spill in the Gulf of Mexico. It has been ten years since the Deepwater Horizon disaster that decimated our Gulf Coast. Ourur marine ecosystems and coastal communities are still struggling to recover and can't afford another disaster. The DEIS does not adequately analyze oil spill risks, especially potential impacts on the endangered Black Rail and critically endangered Kemp's Ridley Sea Turtle. Impacts from air pollution emissions associated with this project are also of deep concern. Local residents cannot afford the additional pollution burdens, as the region is already classified as nonattainment for EPA's health-based air quality standards for ozone, and NOx emissions would also exceed the threshold for concern. I am alarmed that the EIS does not consider the very real and foreseeable direct and indirect impacts of the project's greenhouse gas emissions on climate change. 2020 was a record storm season for the Gulf, battering many communities with flooding from storm surges. It is widely understood that crude exports are driving the rapid increase of oil and gas drilling in the Permian Basin - oil that could otherwise be left in the ground. MARAD must analyze the full lifecycle climate impacts of oil drilling, transportation, refining, and consumption that would result from this project. Finally, I am concerned that the EIS does not consider environmen",rare_oversample,oil_spill_risk|climate_emissions|air_quality|marine_wildlife|wetlands_coast|national_interest,oppose,"public_health, environmental_review, flood_risk"
MARAD-2019-0093-8996,The golf Link project will do more harm to the communities that surround it than any good that would come from making money off of the oil. Please do not allow economic gain to take priority over human life. Kane,random,NONE,oppose,local_economy
MARAD-2019-0093-7891,The negative impact of the proposed action is serious. Our environment needs better protection ! Do NOT go forward with this plan.,random,NONE,oppose,
MARAD-2019-0093-3061,"The undersigned groups (“Commenters”) submit the following comments to the Maritime Administration (“MARAD”) and the U.S. Coast Guard (“USCG”) on the Supplemental Draft Environmental Impact Statement (“SDEIS”) for Texas GulfLink LLC’s license application for its Deepwater Port Project, Docket Id: MARAD-2019-0093 (“GulfLink” or the “Project”). Please see attached comment letter and exhibits for additional details.",random,ATTACH_ONLY,unclear,"environmental_review, NEPA_process"
MARAD-2019-0093-5267,"I am writing in opposition to the Texas GulfLink oil export terminal. The final environmental impact statement released by MARAD fails to provide critical information and analyses necessary to complete the required NEPA review and the Deepwater Water Port Act’s (“DWPA”) national interest and financial assurance determinations. MARAD cannot validly approve a license for the GulfLink project. Approving the GulfLink project now would lock in decades of fossil fuel dependence and infrastructure, and pollute Gulf communities already experiencing devastating climate disasters. Agencies and local leaders must work together to find meaningful jobs for local residents so they do not depend on the fossil fuel industry for their livelihoods. GulfLink is one of four proposed oil export terminal projects in different permitting stages. There are also close to 20 methane gas LNG export terminals in various stages of development, and many new petrochemical plants proposed in the coastal area. These projects are sited in low-income communities, communities of color, and on Indigenous lands due to decades of economic disenfranchisement and systemic racism. These same communities are also the hardest hit by the climate crisis, which is caused by the emissions from fossil fuel production and use. Communities where the proposed oil and gas export expansion is concentrated suffer from increased rates of asthma, respiratory illness, and cancer. This is the direct result of decades of federal authorizations to construct and operate fossil fuel and other industrial facilities in and along the Gulf of Mexico. Adding thirty more years of polluting oil and gas infrastructure flouts the Administration’s commitments to reverse this toxic legacy. People deserve good, clean jobs, not more harmful pollution. If GulfLink is licensed and then operates at full capacity for its expected 30-year lifespan, it will cause an incredible 3.8 billion metric tons of greenhouse gas emissions. This will push th",random,climate_emissions|air_quality|environmental_justice,oppose,"public_health, environmental_review, NEPA_process"
MARAD-2019-0093-8346,"Please do not execute the Texas Gulflink project. As a species we have a responsibility to protect our own planet, so that future generations may have access to nature, wildlife, arable soil, and good living conditions. There is no price that is worth jeopardizing the future. We have access to newer energy resources that are safer and pollute less, it is wise to embrace a new energy paradigm that doesn't pollute for its entire lifecycle.",random,climate_emissions|marine_wildlife,oppose,
MARAD-2019-0093-6803,"Greetings! I am a young person who cares about protecting our environment. I am writing to voice my opposition to the Texas GulfLink oil export terminal. The final environmental impact statement released by MARAD fails to provide critical information and analyses necessary to complete the required NEPA review and the Deepwater Water Port Act’s (“DWPA”) national interest and financial assurance determinations. MARAD cannot validly approve a license for the GulfLink project. Approving the GulfLink project now would lock in decades of fossil fuel dependence and infrastructure, and pollute Gulf communities already experiencing devastating climate disasters, without benefit to local residents. GulfLink is one of four proposed oil export terminal projects in different permitting stages. There are also close to 20 methane gas LNG export terminals in various stages of development, and many new petrochemical plants proposed in the coastal area. These projects are sited in low-income communities, communities of color, and on Indigenous lands due to decades of economic disenfranchisement and systemic racism. These same communities are also the hardest hit by the climate crisis, which is caused by the emissions from fossil fuel production and use. Communities where the proposed oil and gas export expansion is concentrated suffer from increased rates of asthma, respiratory illness, and cancer. This is the direct result of decades of federal authorizations to construct and operate fossil fuel and other industrial facilities in and along the Gulf of Mexico. Adding thirty more years of polluting oil and gas infrastructure flouts the Administration’s commitments to reverse this toxic legacy. If GulfLink is licensed and then operates at full capacity for its expected 30-year lifespan, it will cause an incredible 3.8 billion metric tons of greenhouse gas emissions. This will push the world closer to climate catastrophe at a time when it is clear we need to phase out fossil fuels to av",random,climate_emissions|air_quality|environmental_justice|wetlands_coast|national_interest,oppose,"public_health, environmental_review, NEPA_process"
MARAD-2019-0093-1825,"We express opposition to Texas GulfLink LLC's application for a Deepwater Port License from the Maritime Administration, and raise concerns with significant inadequacies in the project's environmental review (DEIS). First and foremost, we are concerned that construction and operation of the export facility would only benefit oil and gas industry interests while placing massive burdens on local communities, the Gulf of Mexico's coastal and marine ecosystems, and the global climate. This project therefore is not in the ""national interest."" We're greatly concerned about potentially catastrophic impacts of a major oil spill in the Gulf of Mexico. It has been ten years since the Deepwater Horizon disaster that decimated our Gulf Coast - our marine ecosystems and coastal communities are still struggling to recover and can't afford another disaster. The DEIS does not adequately analyze oil spill risks, especially potential impacts on the endangered Black Rail and critically endangered Kemp's Ridley Sea Turtle. Impacts from air pollution emissions associated with this project are also of deep concern. Local residents cannot afford the additional pollution burdens, as the region is already classified as nonattainment for EPA's health-based air quality standards for ozone, and NOx emissions would also exceed the threshold for concern. We're alarmed that the EIS does not consider the very real and foreseeable direct and indirect impacts of the project's greenhouse gas emissions on climate change. 2020 was a record storm season for the Gulf, battering many communities with flooding from storm surges. It is widely understood that crude exports are driving the rapid increase of oil and gas drilling in the Permian Basin - oil that could otherwise be left in the ground. MARAD must analyze the full lifecycle climate impacts of oil drilling, transportation, refining, and consumption that would result from this project. Finally, we are concerned that the EIS does not consider environm",random,oil_spill_risk|climate_emissions|air_quality|marine_wildlife|wetlands_coast|national_interest,oppose,"public_health, environmental_review, flood_risk"
MARAD-2019-0093-8342,"I urge you to reject the license for the Texas GulfLink oil export terminal, which would move 1 million barrels of oil per day and lead to over 3 billion tons of climate pollution in its lifetime. Approving the GulfLink project now would lock in decades of fossil fuel dependence and infrastructure and pollute Gulf communities already experiencing devastating climate disasters without benefiting local residents.",random,climate_emissions,oppose,
MARAD-2019-0093-8910,STOP THE DEEPWATER PROJECT,random,NONE,oppose,
MARAD-2019-0093-7998,REJECTTEXAS GULFLINK LICENSE,random,NONE,oppose,
MARAD-2019-0093-6093,"We can never slow global warming if we keep encouraging the use of fossil fuels. Therefore, I am writing to voice my opposition to the Texas GulfLink oil export terminal. The final environmental impact statement released by MARAD fails to provide critical information and analyses necessary to complete the required NEPA review and the Deepwater Water Port Act’s (“DWPA”) national interest and financial assurance determinations. MARAD cannot validly approve a license for the GulfLink project. Approving the GulfLink project now would lock in decades of fossil fuel dependence and infrastructure, and pollute Gulf communities already experiencing devastating climate disasters, without benefit to local residents. GulfLink is one of four proposed oil export terminal projects in different permitting stages. There are also close to 20 methane gas LNG export terminals in various stages of development, and many new petrochemical plants proposed in the coastal area. These projects are sited in low-income communities, communities of color, and on Indigenous lands due to decades of economic disenfranchisement and systemic racism. These same communities are also the hardest hit by the climate crisis, which is caused by the emissions from fossil fuel production and use. Communities where the proposed oil and gas export expansion is concentrated suffer from increased rates of asthma, respiratory illness, and cancer. This is the direct result of decades of federal authorizations to construct and operate fossil fuel and other industrial facilities in and along the Gulf of Mexico. Adding thirty more years of polluting oil and gas infrastructure flouts the Administration’s commitments to reverse this toxic legacy. If GulfLink is licensed and then operates at full capacity for its expected 30-year lifespan, it will cause an incredible 3.8 billion metric tons of greenhouse gas emissions. This will push the world closer to climate catastrophe at a time when it is clear we need to phase out f",random,climate_emissions|air_quality|environmental_justice|wetlands_coast|national_interest,oppose,"public_health, environmental_review, NEPA_process"
MARAD-2019-0093-8796,"The Texas GulfLink project poses serious environmental, social, and economic risks that far outweigh any potential benefits. Positioned in a flood-prone area and relying on outdated fossil fuel infrastructure, the project threatens to exacerbate climate change, increase air and water pollution, and jeopardize the health and safety of Gulf Coast communities. This project must be stopped.",random,climate_emissions|air_quality,oppose,"public_health, flood_risk"
MARAD-2019-0093-8682,"From record breaking high temperatures of last summer in my part of Texas to the ongoing earthquakes generated from continual oil fracking, we cannot continue abusing our earth. We are putting our lives at danger and must learn to cooperate with our earth and the ongoing weather crisis. If we are to leave a habitable world behind for future generations, we must change now.",random,climate_emissions,oppose,
MARAD-2019-0093-5875,"Republicans claim that they want more and more drilling, fracking, mining, yet American lands are being ravaged and polluted so greedy corporations can export to other countries. The greed is obscene. I am writing to voice my opposition to the Texas GulfLink oil export terminal. The final environmental impact statement released by MARAD fails to provide critical information and analyses necessary to complete the required NEPA review and the Deepwater Water Port Act’s (“DWPA”) national interest and financial assurance determinations. MARAD cannot validly approve a license for the GulfLink project. Approving the GulfLink project now would lock in decades of fossil fuel dependence and infrastructure, and pollute Gulf communities already experiencing devastating climate disasters, without benefit to local residents. GulfLink is one of four proposed oil export terminal projects in different permitting stages. There are also close to 20 methane gas LNG export terminals in various stages of development, and many new petrochemical plants proposed in the coastal area. These projects are sited in low-income communities, communities of color, and on Indigenous lands due to decades of economic disenfranchisement and systemic racism. These same communities are also the hardest hit by the climate crisis, which is caused by the emissions from fossil fuel production and use. Communities where the proposed oil and gas export expansion is concentrated suffer from increased rates of asthma, respiratory illness, and cancer. This is the direct result of decades of federal authorizations to construct and operate fossil fuel and other industrial facilities in and along the Gulf of Mexico. Adding thirty more years of polluting oil and gas infrastructure flouts the Administration’s commitments to reverse this toxic legacy. If GulfLink is licensed and then operates at full capacity for its expected 30-year lifespan, it will cause an incredible 3.8 billion metric tons of greenhouse gas emissi",random,climate_emissions|air_quality|environmental_justice|wetlands_coast|national_interest,oppose,"public_health, environmental_review, NEPA_process"
MARAD-2019-0093-8530,"Permitting more fossil fuel export projects is the wrong direction for America and makes a mockery of President Biden's claims to be a climate leader. GulfLink will leak, and there will be an oil spll - all offshore oil terminals ever built have leaked and spilled. The crude would be transported via a new 42-inch offshore pipeline to one of two floating mooring buoys in the Gulf of Mexico about 26.6 miles offshore from Freeport in Brazoria County. Tanks leak, too, and are likely areas of additional contamination sources. Texas GulfLink requires an above-ground storage tank farm to hold 8.5 million barrels of oil near Jones Creek, in a known flood zone. All of this threatens to destroy coastal wetlands, ecosystems, endangered species and aquatic wildlife. The International Energy Agency and UN Scientists have been painfully clear — to achieve the goals President Biden and the world have committed to of limiting global warming to 1.5-2 degrees Centigrade, we must stop building all NEW fossil fuel infrastructure now, today.",random,oil_spill_risk|climate_emissions|marine_wildlife|wetlands_coast,oppose,"flood_risk, NEPA_process"
MARAD-2019-0093-7913,I respectfully request that you reject the license for the Texas GulfLink oil export terminal. Approving the GulfLink project now would lock in decades of fossil fuel dependence and infrastructure and pollute Gulf communities already experiencing devastating climate disasters without benefiting local residents. Thank you for considering my comment.,random,climate_emissions,oppose,
MARAD-2019-0093-10629,"When all the trees and animals are dead and all the air, land and water are polluted you will then realize you and your progeny can’t eat money….. Water is our liquid gold. Protect it!!!!!",random,air_quality|marine_wildlife,unclear,water_quality
MARAD-2019-0093-8521,"Dear Coast Guard Staff, and MARAD: The proposal by Sentinel Midstream to build the Texas GulfLink project and pump/ship 1 million barrels of crude oil per day must be rejected. There are many reasons to reject the plan: The International Energy Agency and UN Scientists have been painfully clear — to achieve the goals President Biden and the world have committed of limiting global warming to 1.5-2 degrees Centigrade, we must stop building all NEW fossil fuel infrastructure now, today. Permitting more fossil fuel export projects is a direct violation of our international climate agreements and goals under the Paris Climate Agreement, and makes a mockery of President Biden's claims to be a climate leader. Texas GulfLink requires an above-ground storage tank farm to hold 8.5 million barrels of oil near Jones Creek, in a known flood zone. GulfLink is proposed just seven miles from Sea Port Oil Terminal, another massive oil export project. SPOT is already projected to emit the equivalent of 90 coal-fired power plants' worth of global warming pollution. Approving the GulfLink project now would lock in decades of fossil fuel dependence and infrastructure, and pollute Gulf communities already experiencing devastating climate disasters, without benefit to local residents. Approving this project will push the world further into climate catastrophe at a time when we desperately need to phase out fossil fuels to avoid even more devastating climate disasters. Hurricanes – like Hurricane Beryl – have already drastically increased along the Gulf Coast of Texas, where the project is currently proposed, and increased warming from more fossil fuel pollution will only make these climate disasters deadlier and more destructive. Most future Americans (and all other citizens of the world who don't work for oil companies) will be thankful to you, that this project was disapproved!",random,climate_emissions,oppose,"flood_risk, NEPA_process"
MARAD-2019-0093-8559,"I suggest that you to reject the license for the Texas GulfLink oil export terminal. Given the environmental disasters from a previous oil spills in this area, there is a high burden to prevent additional disasters and I do not believe that has been demonstrated in this case.",random,oil_spill_risk,oppose,
MARAD-2019-0093-0555,"I oppose Texas GulfLink LLC's application for a Deepwater Port License from the Maritime Administration. I have strong concerns about significant inadequacies in the project's environmental review (DEIS). First and foremost, I am concerned that construction and operation of the export facility would only benefit oil and gas industry interests while placing massive burdens on local communities, the Gulf of Mexico's coastal and marine ecosystems, and the global climate. This project therefore is not in the ""national interest."" I am also deeply concerned about potentially catastrophic impacts of a major oil spill in the Gulf of Mexico. It has been ten years since the Deepwater Horizon disaster that decimated the Gulf Coast. The area's marine ecosystems and coastal communities are still struggling to recover and can't afford another disaster. The DEIS does not adequately analyze oil spill risks, especially potential impacts on the endangered Black Rail and critically endangered Kemp's Ridley Sea Turtle. Impacts from air pollution emissions associated with this project are also of deep concern. Local residents cannot afford the additional pollution burdens. The region is already classified as nonattainment for EPA's health-based air quality standards for ozone, and NOx emissions would also exceed the threshold for concern. I am alarmed that the EIS does not consider the very real and foreseeable direct and indirect impacts of the project's greenhouse gas emissions on climate change. 2020 was a record storm season for the Gulf, battering many communities with flooding from storm surges. It is widely understood that crude exports are driving the rapid increase of oil and gas drilling in the Permian Basin - oil that could otherwise be left in the ground. MARAD must analyze the full lifecycle climate impacts of oil drilling, transportation, refining, and consumption that would result from this project. Finally, I am concerned that the EIS does not consider environmental just",random,oil_spill_risk|climate_emissions|air_quality|marine_wildlife|wetlands_coast|national_interest,oppose,"public_health, environmental_review, flood_risk"
MARAD-2019-0093-8378,"I want to voice my opposition to the Texas GulfLink oil export terminal. The final environmental impact statement released by MARAD fails to provide critical information and analyses necessary to complete the required NEPA review and the Deepwater Water Port Act’s national interest and financial assurance determinations. MARAD cannot validly approve a license for the GulfLink project. Approving the GulfLink project now would lock in decades of fossil fuel dependence and infrastructure, and pollute Gulf communities already experiencing devastating climate disasters, without benefit to local residents. GulfLink is one of four proposed oil export terminal projects in different permitting stages. There are also close to 20 methane gas LNG export terminals in various stages of development, and many new petrochemical plants proposed in the coastal area. These projects are sited in low-income communities, communities of color, and on Indigenous lands due to decades of economic disenfranchisement and systemic racism. These same communities are also the hardest hit by the climate crisis, which is caused by the emissions from fossil fuel production and use. Communities where the proposed oil and gas export expansion is concentrated suffer from increased rates of asthma, respiratory illness, and cancer. This is the direct result of decades of federal authorizations to construct and operate fossil fuel and other industrial facilities in and along the Gulf of Mexico. Adding thirty more years of polluting oil and gas infrastructure flouts the Administration’s commitments to reverse this toxic legacy. If GulfLink is licensed and then operates at full capacity for its expected 30-year lifespan, it will cause an incredible 3.8 billion metric tons of greenhouse gas emissions. This will push the world closer to climate catastrophe at a time when it is clear we need to phase out fossil fuels to avoid even more tragic climate disasters like fires, hurricanes, and heat waves. The Interna",random,climate_emissions|air_quality|environmental_justice|wetlands_coast|national_interest,oppose,"public_health, flood_risk, environmental_review, NEPA_process"
MARAD-2019-0093-3668,"This LNG export terminal will be a net negative for local residents, all Americans, and the people of the world. — Local — According to a variety of sources including the NRDC, the League of Conservation Voters, and Oxfam America, the local environmental pollution from LNG export terminals is substantial. These terminals frequently have to release toxic substances when pressures anywhere in the system rise above safe levels. Furthermore, as much as 15% of the natural gas is burned simply to power the supercooling process, which creates considerable particulate and NOx emissions in the surrounding areas, as do the vessels carrying this cargo out of the port. — The United States — All Americans are harmed by high energy prices. The last thing we should be doing is shipping LNG abroad. We need to keep our natural gas at home while we build out renewables to further secure our energy stability. Furthermore, most of the new natural gas becoming available for export is gathered by hydraulic fracking, which causes severe and extensively documented environmental problems for nearby people; by increasing the price of natural gas via export, we will encourage more of this destructive practice. This terminal will enrich the few at the expense of the many. — The people of the world — Natural gas *was* a bridge fuel, but its time is over. Renewables are affordable. Now, we must transition to zero-carbon energy as fast as possible. Every cubic liter of gas burned may bring temporary economic rewards, but it will also permanently harm us and our descendants, for literally thousands of years after this point. Climate change is not an economic issue, it is a moral issue. We in America stand on the precipice of a terrible sin, of doing tremendous harm to people around the world and into the far future. Their distance from us in space and time does nothing to absolve our responsibility to do the right thing. Please, stop this dangerous, wasteful, and foolish project before it’s too la",random,climate_emissions|air_quality|national_interest,oppose,public_health
MARAD-2019-0093-7600,I urge you to reject the license for the Texas GulfLink oil export terminal. Approving the GulfLink project now would lock in decades of fossil fuel dependence and infrastructure and pollute Gulf communities already experiencing devastating climate disasters without benefiting local residents. Delores Stachura,random,climate_emissions,oppose,
MARAD-2019-0093-8653,"Now is not the time to be building new fossil fuel infrastructure. The impacts of climate change are tragically obvious at this point. We urgently need to be moving in a different direction as fast as possible, away from projects like this. Thank you for your consideration.",random,climate_emissions,oppose,
MARAD-2019-0093-10667,"The proposed oil export terminal will to transport and export a significant volume of oil – about 1 million barrels per day – which will inevitably increase fossil fuel pollution. Pollution from burning (and extracting) fossil fuels is the primary driver of the climate crisis, leading to devastating consequences such as fires, floods, hurricanes, species extinction, disease spread in nature, and more. These climate disasters are already hitting communities in the Gulf, where fossil fuel expansion is being disproportionately concentrated. Please do not grant Permits for Construction and Operation of GulfLink. Let any fossil fuels produced in our country be used in our country, not exported.",random,climate_emissions|national_interest,oppose,flood_risk
MARAD-2019-0093-1048,"I STRONGLY, STRONGLY OPPOSE the Texas GulfLink LLC application for a Deepwater Port License from the Maritime Administration, and raise concerns with significant inadequacies in the project's environmental review (DEIS). HAVEN'T YOU HEARD ABOUT THE CLIMATE CRISIS??? It is EXTREMELY SERIOUS. It REQUIRES STRONG, IMMEDIATE ACTIONS to SHARPLY REDUCE FOSSIL FUEL usage. This Texas GulfLink project would VERY SERIOUSLY HURT THE ENVIRONMENT AND THE CLIMATE OF PLANET EARTH!!! It would SERIOUSLY HURT MARINE ECOSYSTEMS too. It is ABSOLUTELY NOT in the ""national interest."" YOU MUST STOP THIS TO PREVENT ANOTHER HORRIBLE OIL SPILL in the Gulf of Mexico, such as the Deepwater Horizon disaster a decade ago. THAT OIL SPILL HURT THE GULF COAST REGION -- and its ecosystems and its people and its econmy -- VERY SERIOUSLY. This proposed project's DEIS does NOT adequately analyze oil spill risks, especially potential impacts on the endangered Black Rail and critically endangered Kemp's Ridley Sea Turtle. Impacts from air pollution emissions associated with this project are also of deep concern. Local residents cannot afford the additional pollution burdens, as the region is already classified as nonattainment for EPA's health-based air quality standards for ozone, and NOx emissions would also exceed the threshold for concern. SHAME ON YOU FOR WHAT APPEARS TO BE VERY OBVIOUS CORRUPTION -- and VERY OBVIOUS CONTEMPT FOR TRUTH AND FOR HONEST SCIENCE!!! I implore the decent employees who remain at your agency to do everything you possibly can to protect honest science and to protect the environment and climate!!! PRESIDENT BIDEN AND ALL FEDERAL AGENCIES MUST REVERSE ALL OF TRUMP'S EXTREMELY STUPID AND CORRUPT DECISIONS!!!",random,oil_spill_risk|climate_emissions|air_quality|marine_wildlife|national_interest,oppose,"public_health, environmental_review"
MARAD-2019-0093-3063,I'm for this project. My family has lived in this area before Texas was a state. The project will benefit the people here greatly. It will also help people world wide that can have access to crude oil.,random,national_interest,support,
MARAD-2019-0093-2278,"I am in favor of this project based on the positive impacts it would have on the economy and tax revenues. Decreases in income, sales and property taxes by households and businesses is not the direction this country needs right now.",random,national_interest,support,
MARAD-2019-0093-3085,"Exports of strategic materials and projects like these are contrary to the National Security of our country and World At Large. Vlcc terminals will do nothing to help lower energy costs for American families or manufacturers, on the contrary these exports will raise Energy prices domestically and simultaneously they release emissions that are going to make climate change worse and raise the sea levels. This project should be denied and the accumulative effects from all of these export projects should be studied together before any of them are green lighted. The money gained from exporting these strategic materials will not be enough to even begin to approach to cover the cost to undo the negative effects on not only the United United States, but the world, all its people and critical natural environments now and in the future.",random,climate_emissions|national_interest,oppose,environmental_review
MARAD-2019-0093-8650,Facilitating further oil infrastructure development is not in th US's or world's interest. Climate change is real.,random,climate_emissions|national_interest,oppose,
MARAD-2019-0093-10656,"Please find attached a petition signed by 15,674 members and activists of Friends of the Earth regarding the GulfLink Final EIS and asking the Maritime Administration to reject this dirty, climate-destroying project.",random,climate_emissions|air_quality|environmental_justice|marine_wildlife|fisheries|national_interest,oppose,"public_health, water_quality, environmental_review, NEPA_process"
MARAD-2019-0093-5695,"I am in opposition to the Texas GulfLink oil export terminal. The final environmental impact statement released by MARAD fails to provide critical information and analyses necessary to complete the required NEPA review and the Deepwater Water Port Act’s (“DWPA”) national interest and financial assurance determinations. MARAD cannot validly approve a license for the GulfLink project. Approving the GulfLink project now would lock in decades of fossil fuel dependence and infrastructure, and pollute Gulf communities already experiencing devastating climate disasters, without benefit to local residents. GulfLink is one of four proposed oil export terminal projects in different permitting stages. There are also close to 20 methane gas LNG export terminals in various stages of development, and many new petrochemical plants proposed in the coastal area. These projects are sited in low-income communities, communities of color, and on Indigenous lands due to decades of economic disenfranchisement and systemic racism. These same communities are also the hardest hit by the climate crisis, which is caused by the emissions from fossil fuel production and use. Communities where the proposed oil and gas export expansion is concentrated suffer from increased rates of asthma, respiratory illness, and cancer. This is the direct result of decades of federal authorizations to construct and operate fossil fuel and other industrial facilities in and along the Gulf of Mexico. Adding thirty more years of polluting oil and gas infrastructure flouts the Administration’s commitments to reverse this toxic legacy. If GulfLink is licensed and then operates at full capacity for its expected 30-year lifespan, it will cause an incredible 3.8 billion metric tons of greenhouse gas emissions. This will push the world closer to climate catastrophe at a time when it is clear we need to phase out fossil fuels to avoid even more tragic climate disasters like fires, hurricanes, and heat waves. The Internati",random,climate_emissions|air_quality|environmental_justice|wetlands_coast|national_interest,oppose,"public_health, flood_risk, environmental_review, NEPA_process"
MARAD-2019-0093-8678,"Please reject the proposed new Gulf South terminal. Texas GulfLink is one of twenty new oil and gas projects proposed in the U.S. Gulf South—the most extensive buildout of fossil fuel projects worldwide—that would harm public health, exacerbate environmental racism, and worsen the climate crisis.",random,climate_emissions|environmental_justice,oppose,public_health
MARAD-2019-0093-0693,"I OPPOSE Texas GulfLink LLC's application for a Deepwater Port License from the Maritime Administration, and raise concerns with significant inadequacies in the project's environmental review (DEIS). First and foremost, I am concerned that construction and operation of the export facility would only benefit oil and gas industry interests while placing massive burdens on local communities, the Gulf of Mexico's coastal and marine ecosystems, and the global climate. This project therefore is not in the ""national interest."" I am deeply concerned about potentially catastrophic impacts of a major oil spill in the Gulf of Mexico. It has been ten years since the Deepwater Horizon disaster that decimated our Gulf Coast - our marine ecosystems and coastal communities are still struggling to recover and can't afford another disaster. The DEIS does not adequately analyze oil spill risks, especially potential impacts on the endangered Black Rail and critically endangered Kemp's Ridley Sea Turtle. Impacts from air pollution emissions associated with this project are also of deep concern. Local residents cannot afford the additional pollution burdens, as the region is already classified as nonattainment for EPA's health-based air quality standards for ozone, and NOx emissions would also exceed the threshold for concern. I am alarmed that the EIS does not consider the very real and foreseeable direct and indirect impacts of the project's greenhouse gas emissions on climate change. 2020 was a record storm season for the Gulf, battering many communities with flooding from storm surges. It is widely understood that crude exports are driving the rapid increase of oil and gas drilling in the Permian Basin - oil that could otherwise be left in the ground. MARAD must analyze the full lifecycle climate impacts of oil drilling, transportation, refining, and consumption that would result from this project. Finally, I am concerned that the EIS does not consider environmental justice impacts. ",random,oil_spill_risk|climate_emissions|air_quality|environmental_justice|marine_wildlife|wetlands_coast|national_interest,oppose,"public_health, environmental_review, flood_risk"
MARAD-2019-0093-8039,"I urge you to reject the license for the Texas GulfLink Oil export Terminal. Approving the GulfLink project would lock in decades of fossil fuel dependency and infra-structure and pollute the Gulf community, which is already experiencing devastating climate disasters without benefitting local residents. We have enough damage, cancer, global warming from the fossil fuel industry. When they have accidents in water ways the consequences are massive. Please DO NOT LICENSE GulfLink!!! Thank you for considering my comment.",random,climate_emissions,oppose,public_health
MARAD-2019-0093-8326,No more oil platforms at the expense of the environment and all life.,random,NONE,oppose,
MARAD-2019-0093-8887,The destruction of the natural world must stop. Money is being put over the heath of the earth and it is disgusting.,random,NONE,oppose,
MARAD-2019-0093-2924,This will be a great economy booster not only for the local business but for all of Texas,random,national_interest,support,
MARAD-2019-0093-9826,"I am writing to voice my opposition to the Texas GulfLink oil export terminal. Years ago, the International Energy Agency determined that ""no new fossil fuel developments"" were needed. What is it about this definitive ""NO"" that we cannot come to understand? Approving the GulfLink project now would lock in decades of fossil fuel dependence and infrastructure, and pollute Gulf communities already experiencing devastating climate disasters, without benefit to local residents. GulfLink is one of four proposed oil export terminal projects in different permitting stages. There are also close to 20 methane gas LNG export terminals in various stages of development, and many new petrochemical plants proposed in the coastal area. This is incredibly stupid. If GulfLink is licensed and then operates at full capacity for its expected 30-year lifespan, it will cause an incredible 3.8 billion metric tons of greenhouse gas emissions. This will push the world closer to climate catastrophe at a time when it is clear we need to phase out fossil fuels to avoid even more tragic climate disasters like fires, hurricanes, and heat waves. A quick decline in global oil demand is both necessary and inevitable if the world is to avoid or mitigate the most cataclysmic impacts from climate change, and if the U.S. is to fulfill its own national climate policy. GulfLink would add alone the capacity equivalent to one-third of the total current volume of U.S. oil exports. Do not approve a license for the Texas GulfLink project. Thank you, Kirk Leonard Salem, OR 97302",random,climate_emissions|wetlands_coast,oppose,"flood_risk, NEPA_process"
MARAD-2019-0093-2254,This will create needed jobs in the area!,random,national_interest,support,
MARAD-2019-0093-0282,"I support the Texas Gulflink Export Terminal Project wholeheartedly. Any project that will enable more import and export into a Terminal, while creating jobs both directly and indirectly is good for the state and Oil and Gas. Louisiana has expanded its Terminals along with deepening the Mississippi River for many years, which has allowed record import/export numbers creating tax dollars for the State. Hopefully Texas can approve this and follow our lead.",random,national_interest,support,
MARAD-2019-0093-2231,"We need this project in Texas, to fuel our economy.",random,national_interest,support,
MARAD-2019-0093-8520,"GulfLink would pump an additional 1 million barrels of crude oil per day to international buyers, creating an incredible 3.8 billion metric tons of climate-changing pollution. This is willfully stupid, wildly dangerous, and completely unnecessary. I've said it before and I'll say it again--we cannot keep investing in new fossil fuel infrastructure! We need to aggressively dial down our use of fossil fuels, and equally aggressively invest in *sustainable* energy infrastructure. We have the technology to build on the already rapidly growing use of renewable energy, which is the only way to mitigate the worst impacts of our changing climate. THERE IS NO OTHER WAY--and oil company profits are certainly not a valid reason to stay on this path. GulfLink will require a massive network of onshore fossil fuel infrastructure including above-ground storage tanks that hold 8.5 million barrels of oil — which the company proposes to build in a floodplain that was just inundated during Hurricane Beryl. And then all that oil will will be pumped out 26.6 miles offshore through a new 42-inch pipeline to a floating platform in the Gulf of Mexico. There, the floating platform will load enormous supertankers called VLCCs. Talk about hare-brained! Seriously! And all of this in a part of the US that is already experiencing more and more-severe climate fueled storms, hurricanes, and tidal surges. GulfLink isn't even necessary! The proposed location is just seven miles from Sea Port Oil Terminal, another massive oil export project that should never have been approved. Never mind that this community is already overburdened with pollution and fossil fuel infrastructure. Enough! Say no GulfLink.",random,climate_emissions,oppose,flood_risk
MARAD-2019-0093-6174,"I strongly oppose the Texas GulfLink oil export terminal. The environmental impact statement released by MARAD fails to provide critical information and analyses necessary to complete the required NEPA review and the Deepwater Water Port Act’s (“DWPA”) national interest and financial assurance determinations. MARAD cannot legitimately approve a license for the GulfLink project. Approving the project now would lock in decades of fossil-fuel dependence and infrastructure and pollute Gulf communities already experiencing devastating climate disasters. There would be no benefit to local residents. GulfLink is one of four proposed oil export terminal projects in different permitting stages. There are also close to 20 methane gas LNG export terminals in various stages of development, and many new petrochemical plants proposed in the coastal area. These projects are sited in low-income communities, communities of color, and on Indigenous lands that suffer from decades of economic disenfranchisement and systemic racism. The same communities are also the hardest hit by climate change, which is caused by the emissions from fossil-fuel production and use. If GulfLink is licensed and then operates at full capacity for its expected 30-year lifespan, its greenhouse gas emissions could end all hope for a livable climate. The International Energy Agency has warned that no new major fossil fuel infrastructure can be built if the world is to avoid dangerous global heating. The FEIS is simply incorrect to assume that GulfLink would have no appreciable impact on oil production, consumption, and resulting greenhouse gas emissions. Do not approve a license for the Texas GulfLink project. Thank you, Carol Steinhart Madison, WI 53705",random,climate_emissions|air_quality|environmental_justice,oppose,"public_health, environmental_review, NEPA_process"
MARAD-2019-0093-7619,"I am writing to oppose the Texas GulfLink project. It is past time to transition away from these heavily polluting industries that contaminate the state and world’s ocean. Don’t mess with Texas! Sincerely, Mr marshall elliott melliott@atthowe.com",random,wetlands_coast,oppose,
MARAD-2019-0093-7748,"Dear Sir or Madam, I urge you to reject the license for the Texas GulfLink oil export terminal. Approving the GulfLink project now would lock in decades of fossil fuel dependence and infrastructure and pollute Gulf communities already experiencing devastating climate disasters without benefiting local residents. The ocean temperatures are rising at an unprecedented rate. Alternative fueling has to be the priority. Thank you, D A Schwer McAllen, Tx",random,climate_emissions,oppose,
MARAD-2019-0093-8313,Please stop all oil exports. We’re supposed to be weaning ourselves away from fossil fuels. Time is of the essence.,random,climate_emissions,oppose,
MARAD-2019-0093-0274,I support the Texas GulfLink Export Terminal project because it will bring new jobs to the area and improve the energy infrastructure along the Gulf Coast,random,national_interest,support,
MARAD-2019-0093-6374,"ENOUGH ALREADY! I am writing to voice my opposition to the Texas GulfLink oil export terminal. The final environmental impact statement released by MARAD fails to provide critical information and analyses necessary to complete the required NEPA review and the Deepwater Water Port Act’s (“DWPA”) national interest and financial assurance determinations. MARAD cannot validly approve a license for the GulfLink project. Approving the GulfLink project now would lock in decades of fossil fuel dependence and infrastructure, and pollute Gulf communities already experiencing devastating climate disasters, without benefit to local residents. GulfLink is one of four proposed oil export terminal projects in different permitting stages. There are also close to 20 methane gas LNG export terminals in various stages of development, and many new petrochemical plants proposed in the coastal area. These projects are sited in low-income communities, communities of color, and on Indigenous lands due to decades of economic disenfranchisement and systemic racism. These same communities are also the hardest hit by the climate crisis, which is caused by the emissions from fossil fuel production and use. Communities where the proposed oil and gas export expansion is concentrated suffer from increased rates of asthma, respiratory illness, and cancer. This is the direct result of decades of federal authorizations to construct and operate fossil fuel and other industrial facilities in and along the Gulf of Mexico. Adding thirty more years of polluting oil and gas infrastructure flouts the Administration’s commitments to reverse this toxic legacy. If GulfLink is licensed and then operates at full capacity for its expected 30-year lifespan, it will cause an incredible 3.8 billion metric tons of greenhouse gas emissions. This will push the world closer to climate catastrophe at a time when it is clear we need to phase out fossil fuels to avoid even more tragic climate disasters like fires, hurrican",random,climate_emissions|air_quality|environmental_justice|wetlands_coast|national_interest,oppose,"public_health, environmental_review, NEPA_process"
MARAD-2019-0093-8195,Reject the GulfLink oil export terminal. Oil drives climate change. We need to end oil in order to stop climate change.,random,climate_emissions,oppose,
MARAD-2019-0093-8792,"Docket No. MARAD-2019-0093 I oppose the construction of a New Oil Export Terminal - Texas GulfLink. It is one of twenty new oil and gas projects proposed in the U.S. Gulf South. This is the most extensive build out of fossil fuel projects worldwide and would harm public health, exacerbate environmental racism, and worsen the climate crisis. Stop this continued destruction of the Gulf of Mexico for all.",random,climate_emissions|environmental_justice,oppose,public_health
MARAD-2019-0093-8873,I’m concerned about the Texas Gulf Project and its impact on the environment and lower income communities. I fear your emissions will contribute to a growing problem with our climate and contribute to the climate crisis as well as release toxins too close to people living in low income communities. Toxins that can lead to physical and mental illnesses and social decline in these communities.,random,climate_emissions|air_quality|environmental_justice,oppose,public_health
MARAD-2019-0093-4670,"Federal Register Form, this is my message Jason California",random,NONE,unclear,
MARAD-2019-0093-9040,Stop the use of fossil fuels and added emissions to the planet. This project would add billions of tons of emission into the atmosphere and further damage our environment and impact our climate crisis. This is a fight we are all in together. This project will only take us further away from the goal and prevent us from being able to save the planet and the people.,random,climate_emissions,oppose,
MARAD-2019-0093-7838,"Truth be told, we do not need to drill for fossil fuels - offshore or onshore - or build more pipelines - it simply is not necessary. It may bolster bank accounts and investment portfolios, but it pollutes grounds/waters/skies - poisons people, living flora and fauna and fosters dependency on technologies that distract attention, awareness and energies from our innate, inborn energy source within - the immeasurable power within the mitochondria of every cell in our bodies - all we have to mine is our awareness ... and honor the natural world, undisturbed .... As the inimitable Vine Deloria put it: ""Traditional Technology"" is the intelligence of regenerating the earth. Modern western science tech has a lot to learn ... can we please ...?!",random,climate_emissions|marine_wildlife,oppose,"water_quality, public_health"
MARAD-2019-0093-10531,"You can only view 1 - 25 comments, there is no scroll bar or option to review previous comments. Screenshot provided. I should be able to properly review all comments before the August 30th closing date. The crude oil should be used locally only and if they want to export, please deny all of their requests.",random,NONE,oppose,environmental_review
MARAD-2019-0093-7902,"For the sake of our planet, we need to reduce fossil fuel emissions, not initiate new pollution projects.",random,climate_emissions,oppose,
MARAD-2019-0093-8084,"Please reject the license for the Texas GulfLink oil export terminal. Approving the GulfLink project and building more fossil fuel infrastructure will lock us into decades of fossil fuel dependence. In addition, it will impact local residents already experiencing the negative effects of climate change.",random,climate_emissions,oppose,
MARAD-2019-0093-7766,I urge you to reject the license for the Texas GulfLink oil export terminal. Approving the GulfLink project now would lock in decades of fossil fuel dependence and infrastructure and pollute Gulf communities already experiencing devastating climate disasters without benefiting local residents. Disasters that happen far away can also travel to other parts of the world.,random,climate_emissions,oppose,
MARAD-2019-0093-5437,"I write to state my opposition to the Texas GulfLink oil export terminal. The final environmental impact statement released by MARAD fails to provide key information and analyses essential for the required NEPA review and the Deepwater Water Port Act’s (“DWPA”) national interest and financial assurance determinations. As a result, MARAD cannot validly approve a license for the GulfLink project. Approving the GulfLink project now would lock in decades of fossil fuel dependence and infrastructure, and further pollute Gulf communities already experiencing climate disasters, without benefit to local residents. GulfLink is just one of four proposed oil export terminal projects now in various permitting stages. Furthermore, nearly 20 methane gas LNG export terminals are in various stages of development, and many new petrochemical plants are proposed in the coastal area. These projects are sited in low-income communities, communities of color, and on Indigenous lands due to decades of economic disenfranchisement and systemic racism. These same communities are also the hardest hit by the ongoing climate crisis, which is caused by the emissions from fossil fuel production and use. Communities where the proposed oil and gas export expansion is concentrated suffer from increased rates of asthma, respiratory illness, and cancer. This is the direct result of decades of federal authorizations to construct and operate fossil fuel and other industrial facilities in and along the Gulf of Mexico. Adding thirty more years of polluting oil and gas infrastructure flouts the Administration’s commitments to reverse this toxic legacy. If GulfLink is licensed and then operates at full capacity for its expected 30-year lifespan, it will cause an incredible 3.8 billion metric tons of greenhouse gas emissions. This will push the world closer to climate catastrophe at a time when it is clear we need to phase out fossil fuels to avoid even more tragic climate disasters like fires, hurricanes, an",random,climate_emissions|air_quality|environmental_justice|wetlands_coast|national_interest,oppose,"public_health, flood_risk, environmental_review, NEPA_process"
MARAD-2019-0093-0170,"This comment concerns MARAD-2019-0093 Deepwater Port License Application: Texas GulfLink LLC. I am an American and a Texan, and I oppose this project and urge you to deny the license. The Gulf ecosystems and communities are still trying to recover from the massive BP Oil Disaster. Texas GulfLink's massive terminal, the associated huge pipeline, and the Very Large Crude Carriers pose grave risks of crude oil leaks, spills, and explosions. It would also mean more climate-changing pollution. Please deny this license.",random,oil_spill_risk|climate_emissions,oppose,NEPA_process
MARAD-2019-0093-8397,"I ask you to reject the license for Texas GulfLink’s oil export terminal. Aside from the pollution that inevitably results from similar operations, this terminal locks us in to many more years of climate change. That means future generations will have even more severe weather events per year than we do now. Please do not issue this permit!",random,climate_emissions,oppose,NEPA_process
MARAD-2019-0093-0518,"I wish to voice my STRONG opposition to Texas GulfLink LLC's application for a Deepwater Port License from the Maritime Administration, and raise concerns with significant inadequacies in the project's environmental review (DEIS). It seems apparent that construction and operation of the export facility would only benefit oil and gas industry interests while placing massive burdens on local communities, the Gulf of Mexico's coastal and marine ecosystems, and the global climate. This project is clearly NOT in the ""national interest."" I am also extremely concerned about potentially CATASTROPHIC impacts of a major oil spill in the Gulf of Mexico. It has been 10 years since the Deepwater Horizon disaster that decimated our Gulf Coast - our marine ecosystems and coastal communities are STILL struggling to recover and can't afford another disaster. The DEIS does not adequately analyze oil spill risks, especially potential impacts on the endangered Black Rail and critically endangered Kemp's Ridley Sea Turtle. Impacts from air pollution emissions associated with this project are also significant. Local residents CANNOT afford the additional pollution burdens, as the region is already classified as nonattainment for EPA's health-based air quality standards for ozone, and NOx emissions would also exceed the threshold for concern. I am disturbed that the EIS does not even consider the very real and inevitable direct and indirect impacts of the project's greenhouse gas emissions on climate change. 2020 was a record storm season for the Gulf, battering many communities with flooding from storm surges. It is widely understood that crude exports are driving the rapid increase of oil and gas drilling in the Permian Basin - oil that could otherwise be left in the ground. MARAD must analyze the full lifecycle climate impacts of oil drilling, transportation, refining, and consumption that would result from this project. Finally, I am concerned that the EIS does not consider environmen",random,oil_spill_risk|climate_emissions|air_quality|marine_wildlife|wetlands_coast|national_interest,oppose,"public_health, environmental_review, flood_risk"
MARAD-2019-0093-7758,I urge you to reject the license for the Texas GulfLink oil export terminal. Approving the GulfLink project now would lock in decades of fossil fuel dependence and infrastructure and pollute Gulf communities already experiencing devastating climate disasters without benefiting local residents. It has to be stopped Thank you,random,climate_emissions,oppose,
MARAD-2019-0093-9060,"We must move away from fossil fuels, not increase their extraction. Communities nearby will be negatively affected by this project. Regardless of what they say the economic benefit is, the environmental impact is not worth it. Money can't save us from oil spills and climate change.",random,oil_spill_risk|climate_emissions,oppose,
MARAD-2019-0093-10639,"As heatwaves and hurricanes hammer the TX Gulf Coast, @DOTMARAD is considering approving another fossil fuel export project on the same impacted coastline. These projects are fueling climate disasters. Tell the agency to #StopGulfLink. bit.ly/4cyvBC1 Communities in the TX Gulf Coast have been clear -- they don't want to be forced to live next to yet another polluting fossil fuel project. Join us in telling@DOTMARAD to stop the deadly expansion of fossil fuel exports, and #StopGulfLink NOW. bit.ly/4cyvBC1 Oil export projects threaten our communities, wildlife, and planet. From oil spills to air pollution to tearing up coastal ecosystems, we cannot afford any more of these dirty projects. Tell @DOTMARAD to #StopGulfLink and stop approving more fossil fuel exp",random,oil_spill_risk|climate_emissions|air_quality|marine_wildlife|wetlands_coast,oppose,flood_risk
MARAD-2019-0093-2973,"I am deeply concerned about potentially catastrophic impacts of a major oil spill in the Gulf of Mexico. It has been ten years since the Deepwater Horizon disaster that decimated our Gulf Coast - our marine ecosystems and coastal communities are still struggling to recover and can’t afford another disaster. The SDEIS does not adequately analyze oil spill risks, especially potential impacts on the endangered Black Rail and critically endangered Kemp’s Ridley Sea Turtle. Impacts from air pollution emissions associated with this project are also of deep concern. Local residents cannot afford the additional pollution burdens, as the region is already classified as nonattainment for EPA’s health-based air quality standards for ozone, and NOx emissions would also exceed the threshold for concern. I am alarmed that the SDEIS does not consider the very real and foreseeable direct and indirect impacts of the project’s greenhouse gas emissions on climate change. 2020 was a record storm season for the Gulf, battering many communities with flooding from storm surges. It is widely understood that crude exports are driving the rapid increase of oil and gas drilling in the Permian Basin - oil that could otherwise be left in the ground. MARAD must analyze the full lifecycle climate impacts of oil drilling, transportation, refining, and consumption that would result from this project. Finally, I am concerned that the SDEIS does not consider environmental justice impacts. Toxic pollution from existing oil and gas infrastructure disproportionately burdens low-income, minority communities in the Gulf of Mexico region. And, these communities are at ground zero for the impacts of climate change, including sea level rise, increased frequency and intensity of extreme weather events, and loss of critically protective wetlands. The Texas coastline is eroding at an average rate of 2 to 10 feet per year, and Freeport is experiencing sea level rise at a rate of 17 inches per 100 years. It is in",random,oil_spill_risk|climate_emissions|air_quality|environmental_justice|marine_wildlife|wetlands_coast,oppose,"public_health, flood_risk, environmental_review"
MARAD-2019-0093-6892,"Keep our oil here. I am writing to voice my opposition to the Texas GulfLink oil export terminal. The final environmental impact statement released by MARAD fails to provide critical information and analyses necessary to complete the required NEPA review and the Deepwater Water Port Act’s (“DWPA”) national interest and financial assurance determinations. MARAD cannot validly approve a license for the GulfLink project. Approving the GulfLink project now would lock in decades of fossil fuel dependence and infrastructure, and pollute Gulf communities already experiencing devastating climate disasters, without benefit to local residents. GulfLink is one of four proposed oil export terminal projects in different permitting stages. There are also close to 20 methane gas LNG export terminals in various stages of development, and many new petrochemical plants proposed in the coastal area. These projects are sited in low-income communities, communities of color, and on Indigenous lands due to decades of economic disenfranchisement and systemic racism. These same communities are also the hardest hit by the climate crisis, which is caused by the emissions from fossil fuel production and use. Communities where the proposed oil and gas export expansion is concentrated suffer from increased rates of asthma, respiratory illness, and cancer. This is the direct result of decades of federal authorizations to construct and operate fossil fuel and other industrial facilities in and along the Gulf of Mexico. Adding thirty more years of polluting oil and gas infrastructure flouts the Administration’s commitments to reverse this toxic legacy. If GulfLink is licensed and then operates at full capacity for its expected 30-year lifespan, it will cause an incredible 3.8 billion metric tons of greenhouse gas emissions. This will push the world closer to climate catastrophe at a time when it is clear we need to phase out fossil fuels to avoid even more tragic climate disasters like fires, hurri",random,climate_emissions|air_quality|environmental_justice|wetlands_coast|national_interest,oppose,"public_health, environmental_review, NEPA_process"
MARAD-2019-0093-9357,"#STOPGULFLINK NOW!!!!! The Texas GulfLink project poses significant environmental, social, and economic risks that far outweigh any potential benefits. Positioned in a flood-prone area and relying on outdated fossil fuel infrastructure, the project threatens to exacerbate climate change, increase air and water pollution, and jeopardize the health and safety of Gulf Coast communities. By further entrenching fossil fuel dependence, GulfLink directly undermines national and global efforts to transition to cleaner energy sources. Additionally, the project perpetuates environmental racism, targeting low-income and minority communities already burdened by pollution and climate disasters. Approving GulfLink would lock in decades of harmful emissions, increase the risk of catastrophic oil spills, and threaten critical wildlife habitats, all while global demand for oil is projected to decline. This project is not in the national interest and should be rejected in favor of sustainable energy alternatives that prioritize the well-being of people and the planet.",random,oil_spill_risk|climate_emissions|air_quality|environmental_justice|marine_wildlife|national_interest,oppose,"public_health, flood_risk"
MARAD-2019-0093-10370,"Enabling the export of fossil fuels only drives up the domestic price of said fuel. We have seen this with natural gas where futures were over $10.00 a couple or more years ago and before President Biden halted the building of more liquid natural gasterminals, and today natural gas futures are well below $3.00. I am writing to voice my opposition to the Texas GulfLink oil export terminal. The final environmental impact statement released by MARAD fails to provide critical information and analyses necessary to complete the required NEPA review and the Deepwater Water Port Act’s (“DWPA”) national interest and financial assurance determinations. MARAD cannot validly approve a license for the GulfLink project. Approving the GulfLink project now would lock in decades of fossil fuel dependence and infrastructure, and pollute Gulf communities already experiencing devastating climate disasters, without benefit to local residents. GulfLink is one of four proposed oil export terminal projects in different permitting stages. There are also close to 20 methane gas LNG export terminals in various stages of development, and many new petrochemical plants proposed in the coastal area. These projects are sited in low-income communities, communities of color, and on Indigenous lands due to decades of economic disenfranchisement and systemic racism. These same communities are also the hardest hit by the climate crisis, which is caused by the emissions from fossil fuel production and use. Communities where the proposed oil and gas export expansion is concentrated suffer from increased rates of asthma, respiratory illness, and cancer. This is the direct result of decades of federal authorizations to construct and operate fossil fuel and other industrial facilities in and along the Gulf of Mexico. Adding thirty more years of polluting oil and gas infrastructure flouts the Administration’s commitments to reverse this toxic legacy. If GulfLink is licensed and then operates at full capacity",random,climate_emissions|air_quality|environmental_justice|wetlands_coast|national_interest,oppose,"public_health, environmental_review, NEPA_process"
MARAD-2019-0093-9491,"The United States should be first in line to stop putting our planet in mortal danger. We have the wherewithal to do so. Every living thing is depending on our commitment to preservation. The wide weather swings, hurricanes, tornadoes, deadly heat waves, destruction of ocean life. All of it. I am writing to voice my opposition to the Texas GulfLink oil export terminal. The final environmental impact statement released by MARAD fails to provide critical information and analyses necessary to complete the required NEPA review and the Deepwater Water Port Act’s (“DWPA”) national interest and financial assurance determinations. MARAD cannot validly approve a license for the GulfLink project. Approving the GulfLink project now would lock in decades of fossil fuel dependence and infrastructure, and pollute Gulf communities already experiencing devastating climate disasters, without benefit to local residents. GulfLink is one of four proposed oil export terminal projects in different permitting stages. There are also close to 20 methane gas LNG export terminals in various stages of development, and many new petrochemical plants proposed in the coastal area. These projects are sited in low-income communities, communities of color, and on Indigenous lands due to decades of economic disenfranchisement and systemic racism. These same communities are also the hardest hit by the climate crisis, which is caused by the emissions from fossil fuel production and use. Communities where the proposed oil and gas export expansion is concentrated suffer from increased rates of asthma, respiratory illness, and cancer. This is the direct result of decades of federal authorizations to construct and operate fossil fuel and other industrial facilities in and along the Gulf of Mexico. Adding thirty more years of polluting oil and gas infrastructure flouts the Administration’s commitments to reverse this toxic legacy. If GulfLink is licensed and then operates at full capacity for its expected 30",random,climate_emissions|air_quality|environmental_justice|wetlands_coast|national_interest,oppose,"public_health, flood_risk, environmental_review, NEPA_process"
MARAD-2019-0093-8124,"NO MORE FOSSIL FUEL (DEVELOPMENT)!!....PERIOD!!! IT IS OUTDATED AND ONLY MAKES THE CLIMATE CRISIS EVEN WORSE!! IT'S TIME TO INVEST IN SOLAR, WIND, GEOTHERMAL, AND OTHER SUSTAINABLE ENERGY RESOURCES THAT WOULD LAST US FOR EONS!!",random,climate_emissions,oppose,
MARAD-2019-0093-3078,"By the looks of the facilities description and details, this terminal should be very beneficial to the State of Texas and the U.S. as a whole. With the amount of thought put into the port for safety for (not only) the environment but for the personnel on the platform itself just by having the buoys at an even safer distance then the standard, this should make everyone happy with the port being built with the thought of safety first.",random,oil_spill_risk|national_interest,support,
MARAD-2019-0093-7841,"This project, if approved, would cause massive pollution in the gulf. It is time to back away from oil and gas. Invest in green energy and save the gulf and the rest of the world. Create infrastructure for green energy, promoting jobs while cutting pollution.",random,climate_emissions|national_interest,oppose,
MARAD-2019-0093-9407,Stop big oil in the Texas gulf. It is killing the environment and harming communities of minorities and people of low income.,random,environmental_justice,oppose,
MARAD-2019-0093-8526,"Dear Coast Guard Staff, MARAD, President Biden, and Vice President Harris, The proposal by Sentinel Midstream to build the Texas GulfLink project and pump ship 1 million barrels of crude oil per day is immoral, impractical and must never be permitted to go forward. There are a lot of reasons to reject the plan: first and foremost is the environmental damage and disruption caused by the construction and operation of a giant oil pumping terminal along the Texas coastline, with attendant destruction of coastal habitat and ongoing heavy risk of oil spill accidents. The larger question is, what are we doing, still building out our hydrocarbon infrastructure in quantum leaps when all indicators point towards a general collapse of irreplaceable, worldwide environmental systems, some of which are quite beyond our power to ever restore, but remain vital to our continued existence here on this planet. That the petroleum industry is a major contributor to the degradation of these vital natural systems is to a degree, still debated between scientific researchers and those who wish to see increased production and distribution of petroleum products. As a citizen of the USA, living in New Jersey who is concerned that we make wise choices between the enrichment of the owners, investors and management of the oil industry, versus the protection of the environmental systems we all depend upon for our survival, I ask that huge petroleum projects such as Gulflink be put on hold and de-emphasized, in recognition of the risks we take with our common future and the vastly safer, more economical alternatives that are now coming on line to supply the energy we rely upon to live decent, comfortable lives. Thank you.",random,oil_spill_risk|climate_emissions|marine_wildlife|wetlands_coast,oppose,NEPA_process
MARAD-2019-0093-7941,"Its time for Biden to become a true environmental supporter. He’s not going to run for office again, so he has no debt to pay the fossil fuel industry.",random,NONE,unclear,
MARAD-2019-0093-7039,"I am writing to say NO to the Texas GulfLink oil export terminal. We must transition from oil as fast as we can, because climate change is getting our weather out of kilter. Profit no longer matters when your basements are filled with water, your forests burn, crops bake, water becomes scarce. Do NOT approve a license for the Texas GulfLink project. Elona Vaisnys Thank you, Elona Vaisnys Chicago, IL 60613",random,climate_emissions,oppose,
MARAD-2019-0093-0247,"I endorse 100% the following comments and I would like to submit them as my own. No need to re-invent the wheel. I would like to express opposition to the Texas GulfLink LLC application for a Deepwater Port License from the Maritime Administration and the Army Corps of Engineers, raise concerns with significant inadequacies in the project's environmental review, and request a public hearing on the USACE permitting process due to the extreme risks the project presents to our communities including flooding, contamination of our water supply, the Brazos Watershed, and Gulf Waters. I am concerned that construction and operation of the export facility would only benefit oil and gas industry interests while polluting local communities and the Gulf of Mexico's coastal and marine ecosystems, and escalating the global climate crisis. Brazoria County is home to some of the state's most precious natural resources. Beyond their intrinsic natural beauty, our healthy beaches and wetlands provide effective storm damage and flood protection; offer residents and visitors recreational opportunities; and provide unique environmental habitats. When the GulfLink pipeline ruptures it will contaminate the Justin Hurst Wildlife Management Area, a rich, bio-diverse wetland wildlife sanctuary prized for waterfowl hunting. Our coastal region is an economic engine filled with recreational opportunities and environmental treasures that deserve to be protected. I am deeply concerned about potentially catastrophic impacts of another major oil spill in the Gulf of Mexico. Our Gulf marine life has suffered tremendously from the Deepwater Horizon spill, killing sea turtles and nearly destroying the dolphin population. Oil, gas, and chemical infrastructure dominate the Gulf and leak toxic chemicals and oil, contaminating our waters every year. In 2018, NOAA reported 137 significant"" oil spills in the U.S., most of them occurring in the Gulf of Mexico, making the recovery of endangered species includi",random,oil_spill_risk|climate_emissions|marine_wildlife|fisheries|wetlands_coast,oppose,"water_quality, flood_risk, environmental_review, NEPA_process, public_health"
MARAD-2019-0093-0316,"I am very impressed with the level of detail provided and assessed in the environmental impact statement draft version. I had no idea this much review would be performed by the maritime administration and coast guard. With that said, I support Texas GulfLink and other projects like this. The oil and gas industry represent a huge aspect of our economy and way of life. It is great that new energy sources (renewables) are starting to form, however billions of people are not able to transport themselves via solar panels. The alternative infrastructure is still developing. Maybe we'll get there one day, but not this decade. It's also very dangerous to consider the disposal of batteries and wind blades. Developing countries need access to cleaner and affordable energy sources, like oil. There are studies that show this. Lastly, please note that outside special interests groups do not speak for all of us here on the Gulf Coast.",random,national_interest,support,
MARAD-2019-0093-2911,Comments by Citizens for Clean Air and Clean Water on Texas GulfLink Project's Draft Environmental Impact Statement,random,oil_spill_risk|climate_emissions|air_quality|environmental_justice|wetlands_coast,oppose,"water_quality, flood_risk, environmental_review, NEPA_process"
MARAD-2019-0093-2986,"RE: Deepwater Port License Application--Texas GulfLink LLC. Docket Number: MARAD-2019-0093 Dear Admiral Phillips, I am writing to express opposition to Texas GulfLink LLC’s application for a Deepwater Port License from the Maritime Administration (MARAD-2019-0093), and raise concerns with significant inadequacies in the project’s supplemental environmental review (SDEIS). First and foremost, I am concerned that construction and operation of the export facility would only benefit oil and gas industry interests while placing massive burdens on local communities, the Gulf of Mexico’s coastal and marine ecosystems, and the global climate. This project therefore is not in the “national interest.” I am deeply concerned about potentially catastrophic impacts of a major oil spill in the Gulf of Mexico. It has been ten years since the Deepwater Horizon disaster that decimated our Gulf Coast - our marine ecosystems and coastal communities are still struggling to recover and can’t afford another disaster. The SDEIS does not adequately analyze oil spill risks, especially potential impacts on the endangered Black Rail and critically endangered Kemp’s Ridley Sea Turtle. Impacts from air pollution emissions associated with this project are also of deep concern. Local residents cannot afford the additional pollution burdens, as the region is already classified as nonattainment for EPA’s health-based air quality standards for ozone, and NOx emissions would also exceed the threshold for concern. I am alarmed that the SDEIS does not consider the very real and foreseeable direct and indirect impacts of the project’s greenhouse gas emissions on climate change. 2020 was a record storm season for the Gulf, battering many communities with flooding from storm surges. It is widely understood that crude exports are driving the rapid increase of oil and gas drilling in the Permian Basin - oil that could otherwise be left in the ground. MARAD must analyze the full lifecycle climate impacts of o",random,oil_spill_risk|climate_emissions|air_quality|marine_wildlife|wetlands_coast|national_interest,oppose,"public_health, environmental_review, flood_risk, NEPA_process"
MARAD-2019-0093-3070,Once again I am urging denial of this project. The tank farm would be near my house and the homes of my neighbors and family. The area where the tank farm is planned is prone to flooding. I urge a NO vote.,random,NONE,oppose,"flood_risk, property_rights"
MARAD-2019-0093-4759,"Thanks for reading this. The Texas GulfLink project, owned by Sentinel Midstream, aims to transport 1 million barrels of crude oil per day to buyers overseas. Oil will be received via an onshore pipeline from Houston into above-ground storage tanks near Jones Creek, a flood zone, and then transported offshore to mooring buoys in the Gulf of Mexico. This project, situated just seven miles from the recently approved Sea Port Oil Terminal, risks significant oil spills, coastal wetland destruction, ecosystem threats, community endangerment, and extensive greenhouse gas emissions, violating President Biden's climate policies. GulfLink will directly impact low-income communities, communities of color, and Indigenous lands, already suffering from the impacts of the climate crisis as a result of fossil fuel emissions. Communities near these projects face severe health risks, including asthma, respiratory illness, and cancer. GulfLink will worsen air pollution in Brazoria County, which already fails to meet clean air standards, and threaten local water supplies. The safety risks are heightened by the proposed location in a floodplain, with potential for devastating oil spills. We need to put an end to the destructive fossil fuel industry. Stop GulfLink and protect the people and environment of Texas! Sincerely, Mr. kirk francis luddite33dirk@aol.com",random,oil_spill_risk|climate_emissions|air_quality|environmental_justice|marine_wildlife|wetlands_coast,oppose,"flood_risk, environmental_review, NEPA_process, public_health"
MARAD-2019-0093-3064,"I absolutely support the Texas GulfLink project as it will provide the US with an economical and environmentally friendly solution to fully load VLCCs as opposed to the most common process of reverse lightering which uses multiple vessels to ferry back and forth from/to the port to load the deep draft VLCCs. Loading and unloading this many times creates significant risk of pollution and increased emissions. I also support the TGL project as the efficiencies derived in the loading process will subsequently lower the cost to export American barrels to import customers that are in need of viable, and reliable, alternative solutions. Our nation has been blessed with natural resources that provide viable security to our nation and that, coupled with the dilligent and creative ingenuity behind the TGL project is simply a responsibility that we have, as a nation, to support.",random,oil_spill_risk|climate_emissions|national_interest,support,reverse_lightering
MARAD-2019-0093-6283,"I am writing to voice my opposition to the HORRIFIC Texas GulfLink oil export terminal. The final environmental impact statement released by MARAD fails to provide critical information and analyses necessary to complete the required NEPA review and the Deepwater Water Port Act’s (“DWPA”) national interest and financial assurance determinations. MARAD cannot validly approve a license for the GulfLink project. Approving the GulfLink project now would lock in decades of fossil fuel dependence and infrastructure, and pollute Gulf communities already experiencing devastating climate disasters, without benefit to local residents. GulfLink is one of four proposed oil export terminal projects in different permitting stages. There are also close to 20 methane gas LNG export terminals in various stages of development, and many new petrochemical plants proposed in the coastal area. These projects are sited in low-income communities, communities of color, and on Indigenous lands due to decades of economic disenfranchisement and systemic racism. These same communities are also the hardest hit by the climate crisis, which is caused by the emissions from fossil fuel production and use. Communities where the proposed oil and gas export expansion is concentrated suffer from increased rates of asthma, respiratory illness, and cancer. This is the direct result of decades of federal authorizations to construct and operate fossil fuel and other industrial facilities in and along the Gulf of Mexico. Adding thirty more years of polluting oil and gas infrastructure flouts the Administration’s commitments to reverse this toxic legacy. If GulfLink is licensed and then operates at full capacity for its expected 30-year lifespan, it will cause an incredible 3.8 billion metric tons of greenhouse gas emissions. This will push the world closer to climate catastrophe at a time when it is clear we need to phase out fossil fuels to avoid even more tragic climate disasters like fires, hurricanes, and",random,climate_emissions|air_quality|environmental_justice|wetlands_coast|national_interest,oppose,"public_health, flood_risk, environmental_review, NEPA_process"
MARAD-2019-0093-2268,"I am writing in support of the Texas GulfLink project for both environmental and economic reasons. Companies involved in the production of oil in the United States are on the global forefront of implementing initiatives to improve their environmental footprint. These initiatives include reduced flaring intensity, water intensity and methane emissions. Global demand for oil is unlikely to be materially displaced in the medium-term; therefore, I believe there is a global environmental benefit by supporting production from environmentally conscious companies in the United States as opposed to allowing less environmentally conscious regions such as Russia and the Middle East to bolster production and capture market share. The Texas GulfLink project will allow exports from the United States to be more competitive in the global markets and shift production to the global leader in sustainable development of hydrocarbons. Furthermore, there appears to be local environmental benefits given that pipelines are the safest way to transport oil (which are subject to stringent regulations by governmental authorities) and the project would reduce congestion at onshore ports. This is supported by the project managers plans to operate the project with high-quality safety mechanisms including around-the-clock port monitoring, custody transfer metering, and surge relief. From an economic standpoint, the project will create domestic jobs and wealth across the value chain. This ranges from income to the mineral owners; revenues to the production companies, service companies, and construction companies; and taxation by local, state and federal authorities. Denying this project could further stymy the production of oil in the US and shift the wealth creation opportunities to other countries. The Texas GulfLink project represents an unique organic infrastructure project that not only benefits the United States economy, but is fully-funded by private investment and is not dependent on state ",random,oil_spill_risk|climate_emissions|national_interest,support,water_quality
MARAD-2019-0093-2893,"This is a copy of the Village of Jones Creek Resolution (07-2019A) in opposition, passed by City Council who represents over 2000 people in the Village of Jones Creek, Texas.",random,ATTACH_ONLY,unclear,
MARAD-2019-0093-7695,"You cannot let this project go forward if you want a livable plant for your children and your children's children. 2023 was the hottest year on record, the oceans are heating at a rate that is even baffling to ocean and atmospheric scientists, and we have recently seen 10 degrees C of warming in the Antarctic. Climate change is accelerating faster than predicted, and this Texas GulfLink, which will release a further 3.5 BILLION TONS of climate pollution, will be a disaster for our planet. Stop this. Please. The implications of this project are catastrophic and frightening.",random,climate_emissions,oppose,
